time,mrid,phase,p,q
1672531200,_903a0e85-6a11-4b8e-82cf-163376df7764,A,886585.704888,132191.344998
1672531200,_6d82c9d9-5f99-4356-8a8d-acda9cd6f17b,B,670722.079782,-1288.5950249999999
1672531200,_971765b5-da69-4ea8-a0cb-d2b9613b8ee3,C,774563.959563,53648.179241
1672531260,_903a0e85-6a11-4b8e-82cf-163376df7764,A,881214.044579,128707.85169500002
1672531260,_6d82c9d9-5f99-4356-8a8d-acda9cd6f17b,B,667254.424918,-3507.526592
1672531260,_971765b5-da69-4ea8-a0cb-d2b9613b8ee3,C,770159.802149,50928.346382
1672531320,_903a0e85-6a11-4b8e-82cf-163376df7764,A,876951.1739359999,125945.339739
1672531320,_6d82c9d9-5f99-4356-8a8d-acda9cd6f17b,B,664502.763831,-5267.524445
1672531320,_971765b5-da69-4ea8-a0cb-d2b9613b8ee3,C,766664.9988449999,48770.996668
1672531380,_903a0e85-6a11-4b8e-82cf-163376df7764,A,850858.718269,109074.301862
1672531380,_6d82c9d9-5f99-4356-8a8d-acda9cd6f17b,B,647664.4589359999,-16022.629074999999
1672531380,_971765b5-da69-4ea8-a0cb-d2b9613b8ee3,C,745280.628044,35585.95042
1672531440,_903a0e85-6a11-4b8e-82cf-163376df7764,A,825880.003394,92984.03774600002
1672531440,_6d82c9d9-5f99-4356-8a8d-acda9cd6f17b,B,631551.695509,-26290.414122000002
1672531440,_971765b5-da69-4ea8-a0cb-d2b9613b8ee3,C,724819.0692269999,22995.975087
1672531500,_903a0e85-6a11-4b8e-82cf-163376df7764,A,803831.980441,78830.85680599998
1672531500,_6d82c9d9-5f99-4356-8a8d-acda9cd6f17b,B,617334.932004,-35330.648032000005
1672531500,_971765b5-da69-4ea8-a0cb-d2b9613b8ee3,C,706766.588384,11909.169241999998
1672531560,_903a0e85-6a11-4b8e-82cf-163376df7764,A,784750.8225549998,66619.379221
1672531560,_6d82c9d9-5f99-4356-8a8d-acda9cd6f17b,B,605035.4084,-43137.16372099999
1672531560,_971765b5-da69-4ea8-a0cb-d2b9613b8ee3,C,691149.639882,2333.873062
1672531620,_903a0e85-6a11-4b8e-82cf-163376df7764,A,768095.928367,55988.807163000005
1672531620,_6d82c9d9-5f99-4356-8a8d-acda9cd6f17b,B,594302.995178,-49938.021267
1672531620,_971765b5-da69-4ea8-a0cb-d2b9613b8ee3,C,677523.242863,-6009.032399999999
1672531680,_903a0e85-6a11-4b8e-82cf-163376df7764,A,756420.2146169998,48551.987711
1672531680,_6d82c9d9-5f99-4356-8a8d-acda9cd6f17b,B,586780.92257,-54698.465683
1672531680,_971765b5-da69-4ea8-a0cb-d2b9613b8ee3,C,667973.247514,-11849.483704
1672531740,_903a0e85-6a11-4b8e-82cf-163376df7764,A,746924.331316,42513.093177
1672531740,_6d82c9d9-5f99-4356-8a8d-acda9cd6f17b,B,580664.2719350001,-58565.770004
1672531740,_971765b5-da69-4ea8-a0cb-d2b9613b8ee3,C,660207.832538,-16594.54642
1672531800,_903a0e85-6a11-4b8e-82cf-163376df7764,A,735963.101155,35552.884706
1672531800,_6d82c9d9-5f99-4356-8a8d-acda9cd6f17b,B,573604.926697,-63024.982429
1672531800,_971765b5-da69-4ea8-a0cb-d2b9613b8ee3,C,651245.9110860002,-22066.284632000006
1672531860,_903a0e85-6a11-4b8e-82cf-163376df7764,A,727879.28045,30427.025724
1672531860,_6d82c9d9-5f99-4356-8a8d-acda9cd6f17b,B,568399.5311110001,-66310.278673
1672531860,_971765b5-da69-4ea8-a0cb-d2b9613b8ee3,C,644637.767645,-26097.823422000005
1672531920,_903a0e85-6a11-4b8e-82cf-163376df7764,A,723809.586006,27848.774639
1672531920,_6d82c9d9-5f99-4356-8a8d-acda9cd6f17b,B,565779.200068,-67963.150998
1672531920,_971765b5-da69-4ea8-a0cb-d2b9613b8ee3,C,641311.048586,-28126.065296
1672531980,_903a0e85-6a11-4b8e-82cf-163376df7764,A,725703.49854,29048.436051
1672531980,_6d82c9d9-5f99-4356-8a8d-acda9cd6f17b,B,566998.60468,-67194.040626
1672531980,_971765b5-da69-4ea8-a0cb-d2b9613b8ee3,C,642859.454015,-27182.422888
1672532040,_903a0e85-6a11-4b8e-82cf-163376df7764,A,726260.506456,29401.30995
1672532040,_6d82c9d9-5f99-4356-8a8d-acda9cd6f17b,B,567357.241095,-66967.814744
1672532040,_971765b5-da69-4ea8-a0cb-d2b9613b8ee3,C,643314.6288,-26904.748426
1672532100,_903a0e85-6a11-4b8e-82cf-163376df7764,A,719366.8394880001,25036.029809000003
1672532100,_6d82c9d9-5f99-4356-8a8d-acda9cd6f17b,B,562918.883692,-69766.709833
1672532100,_971765b5-da69-4ea8-a0cb-d2b9613b8ee3,C,637680.376199,-30339.630304000002
1672532160,_903a0e85-6a11-4b8e-82cf-163376df7764,A,717056.299661,23573.901795
1672532160,_6d82c9d9-5f99-4356-8a8d-acda9cd6f17b,B,561431.396289,-70704.35362100002
1672532160,_971765b5-da69-4ea8-a0cb-d2b9613b8ee3,C,635791.934449,-31490.277571000002
1672532220,_903a0e85-6a11-4b8e-82cf-163376df7764,A,714526.869517,21973.855214000003
1672532220,_6d82c9d9-5f99-4356-8a8d-acda9cd6f17b,B,559803.0583710001,-71730.55897400001
1672532220,_971765b5-da69-4ea8-a0cb-d2b9613b8ee3,C,633724.8832140001,-32749.725297000005
1672532280,_903a0e85-6a11-4b8e-82cf-163376df7764,A,713575.972708,21372.507738
1672532280,_6d82c9d9-5f99-4356-8a8d-acda9cd6f17b,B,559190.931099,-72116.271015
1672532280,_971765b5-da69-4ea8-a0cb-d2b9613b8ee3,C,632947.94947,-33223.166966
1672532340,_903a0e85-6a11-4b8e-82cf-163376df7764,A,714848.5264239999,22177.310787999995
1672532340,_6d82c9d9-5f99-4356-8a8d-acda9cd6f17b,B,560010.12687,-71600.07342599999
1672532340,_971765b5-da69-4ea8-a0cb-d2b9613b8ee3,C,633987.9953249999,-32589.710682999994
1672532400,_903a0e85-6a11-4b8e-82cf-163376df7764,A,717253.7867609999,23698.874533
1672532400,_6d82c9d9-5f99-4356-8a8d-acda9cd6f17b,B,561558.537171,-70624.216842
1672532400,_971765b5-da69-4ea8-a0cb-d2b9613b8ee3,C,635953.654266,-31392.09215
1672532460,_903a0e85-6a11-4b8e-82cf-163376df7764,A,719097.427361,24865.519611
1672532460,_6d82c9d9-5f99-4356-8a8d-acda9cd6f17b,B,562745.439276,-69876.05111
1672532460,_971765b5-da69-4ea8-a0cb-d2b9613b8ee3,C,637460.301128,-30473.871232
1672532520,_903a0e85-6a11-4b8e-82cf-163376df7764,A,712220.106303,20515.206930000004
1672532520,_6d82c9d9-5f99-4356-8a8d-acda9cd6f17b,B,558318.125744,-72666.183762
1672532520,_971765b5-da69-4ea8-a0cb-d2b9613b8ee3,C,631840.094927,-33898.130777
1672532580,_903a0e85-6a11-4b8e-82cf-163376df7764,A,713127.316534,21088.811997000004
1672532580,_6d82c9d9-5f99-4356-8a8d-acda9cd6f17b,B,558902.118913,-72298.24498
1672532580,_971765b5-da69-4ea8-a0cb-d2b9613b8ee3,C,632581.4532679999,-33446.569277
1672532640,_903a0e85-6a11-4b8e-82cf-163376df7764,A,711740.387141,20211.906541999997
1672532640,_6d82c9d9-5f99-4356-8a8d-acda9cd6f17b,B,558009.321004,-72860.73120000001
1672532640,_971765b5-da69-4ea8-a0cb-d2b9613b8ee3,C,631447.979375,-34136.843421
1672532700,_903a0e85-6a11-4b8e-82cf-163376df7764,A,708940.892947,18442.452629
1672532700,_6d82c9d9-5f99-4356-8a8d-acda9cd6f17b,B,556207.288026,-73995.845211
1672532700,_971765b5-da69-4ea8-a0cb-d2b9613b8ee3,C,629160.3948709999,-35529.96890199999
1672532760,_903a0e85-6a11-4b8e-82cf-163376df7764,A,709585.76194,18849.998683
1672532760,_6d82c9d9-5f99-4356-8a8d-acda9cd6f17b,B,556622.385243,-73734.39728500001
1672532760,_971765b5-da69-4ea8-a0cb-d2b9613b8ee3,C,629687.539557,-35209.194453000004
1672532820,_903a0e85-6a11-4b8e-82cf-163376df7764,A,708573.998892,18210.616214
1672532820,_6d82c9d9-5f99-4356-8a8d-acda9cd6f17b,B,555971.126366,-74144.583737
1672532820,_971765b5-da69-4ea8-a0cb-d2b9613b8ee3,C,628860.729273,-35712.582722
1672532880,_903a0e85-6a11-4b8e-82cf-163376df7764,A,709645.026871,18887.455558
1672532880,_6d82c9d9-5f99-4356-8a8d-acda9cd6f17b,B,556660.5339450001,-73710.368633
1672532880,_971765b5-da69-4ea8-a0cb-d2b9613b8ee3,C,629735.99303,-35179.717099
1672532940,_903a0e85-6a11-4b8e-82cf-163376df7764,A,710453.560154,19398.473623000005
1672532940,_6d82c9d9-5f99-4356-8a8d-acda9cd6f17b,B,557180.983334,-73382.542389
1672532940,_971765b5-da69-4ea8-a0cb-d2b9613b8ee3,C,630396.63248,-34777.35335900001
1672533000,_903a0e85-6a11-4b8e-82cf-163376df7764,A,712056.437132,20411.729032
1672533000,_6d82c9d9-5f99-4356-8a8d-acda9cd6f17b,B,558212.769965,-72732.55881599999
1672533000,_971765b5-da69-4ea8-a0cb-d2b9613b8ee3,C,631706.435846,-33979.634714
1672533060,_903a0e85-6a11-4b8e-82cf-163376df7764,A,706057.818092,16620.932074999997
1672533060,_6d82c9d9-5f99-4356-8a8d-acda9cd6f17b,B,554351.53943,-75164.496525
1672533060,_971765b5-da69-4ea8-a0cb-d2b9613b8ee3,C,626804.533841,-36964.229548
1672533120,_903a0e85-6a11-4b8e-82cf-163376df7764,A,707166.471094,17346.65989
1672533120,_6d82c9d9-5f99-4356-8a8d-acda9cd6f17b,B,555057.949223,-74698.695673
1672533120,_971765b5-da69-4ea8-a0cb-d2b9613b8ee3,C,627700.6273419999,-36393.131800999996
1672533180,_903a0e85-6a11-4b8e-82cf-163376df7764,A,706070.9228230001,16684.535801000005
1672533180,_6d82c9d9-5f99-4356-8a8d-acda9cd6f17b,B,554344.2863349998,-75123.298738
1672533180,_971765b5-da69-4ea8-a0cb-d2b9613b8ee3,C,626793.324182,-36914.659988
1672533240,_903a0e85-6a11-4b8e-82cf-163376df7764,A,706953.986846,17230.855362
1672533240,_6d82c9d9-5f99-4356-8a8d-acda9cd6f17b,B,554915.951176,-74772.862432
1672533240,_971765b5-da69-4ea8-a0cb-d2b9613b8ee3,C,627519.596862,-36484.43660200001
1672533300,_903a0e85-6a11-4b8e-82cf-163376df7764,A,706948.316404,17183.480816
1672533300,_6d82c9d9-5f99-4356-8a8d-acda9cd6f17b,B,554924.720188,-74803.56971199998
1672533300,_971765b5-da69-4ea8-a0cb-d2b9613b8ee3,C,627532.417354,-36521.388941
1672533360,_903a0e85-6a11-4b8e-82cf-163376df7764,A,704419.265572,15586.0689
1672533360,_6d82c9d9-5f99-4356-8a8d-acda9cd6f17b,B,553296.896163,-75828.518737
1672533360,_971765b5-da69-4ea8-a0cb-d2b9613b8ee3,C,625466.014459,-37779.353401
1672533420,_903a0e85-6a11-4b8e-82cf-163376df7764,A,704551.93412,15669.929169000001
1672533420,_6d82c9d9-5f99-4356-8a8d-acda9cd6f17b,B,553382.287446,-75774.757234
1672533420,_971765b5-da69-4ea8-a0cb-d2b9613b8ee3,C,625574.4333129999,-37713.384115
1672533480,_903a0e85-6a11-4b8e-82cf-163376df7764,A,706285.027731,16764.487191
1672533480,_6d82c9d9-5f99-4356-8a8d-acda9cd6f17b,B,554497.790676,-75072.405269
1672533480,_971765b5-da69-4ea8-a0cb-d2b9613b8ee3,C,626990.67261,-36851.448425
1672533540,_903a0e85-6a11-4b8e-82cf-163376df7764,A,704206.1470100001,15451.487739000002
1672533540,_6d82c9d9-5f99-4356-8a8d-acda9cd6f17b,B,553159.725923,-75914.876374
1672533540,_971765b5-da69-4ea8-a0cb-d2b9613b8ee3,C,625291.922338,-37885.362635
1672533600,_903a0e85-6a11-4b8e-82cf-163376df7764,A,705970.3131879999,16565.69335
1672533600,_6d82c9d9-5f99-4356-8a8d-acda9cd6f17b,B,554295.223288,-75199.955608
1672533600,_971765b5-da69-4ea8-a0cb-d2b9613b8ee3,C,626733.5390350001,-37008.00168600001
1672533660,_903a0e85-6a11-4b8e-82cf-163376df7764,A,702372.690647,14293.840594
1672533660,_6d82c9d9-5f99-4356-8a8d-acda9cd6f17b,B,551979.667344,-76657.73280399998
1672533660,_971765b5-da69-4ea8-a0cb-d2b9613b8ee3,C,623793.8982110001,-38797.09942800001
1672533720,_903a0e85-6a11-4b8e-82cf-163376df7764,A,702807.422891,14568.318392000003
1672533720,_6d82c9d9-5f99-4356-8a8d-acda9cd6f17b,B,552259.471836,-76481.60420699998
1672533720,_971765b5-da69-4ea8-a0cb-d2b9613b8ee3,C,624149.321881,-38581.044367
1672533780,_903a0e85-6a11-4b8e-82cf-163376df7764,A,702492.664731,14369.596328000003
1672533780,_6d82c9d9-5f99-4356-8a8d-acda9cd6f17b,B,552056.887251,-76609.125536
1672533780,_971765b5-da69-4ea8-a0cb-d2b9613b8ee3,C,623892.121011,-38737.541443
1672533840,_903a0e85-6a11-4b8e-82cf-163376df7764,A,700556.0356419999,13147.126318
1672533840,_6d82c9d9-5f99-4356-8a8d-acda9cd6f17b,B,550810.460247,-77393.63691
1672533840,_971765b5-da69-4ea8-a0cb-d2b9613b8ee3,C,622309.852148,-39700.414453
1672533900,_903a0e85-6a11-4b8e-82cf-163376df7764,A,703000.7915000002,14690.412520000002
1672533900,_6d82c9d9-5f99-4356-8a8d-acda9cd6f17b,B,552383.92949,-76403.259565
1672533900,_971765b5-da69-4ea8-a0cb-d2b9613b8ee3,C,624307.429083,-38484.947113
1672533960,_903a0e85-6a11-4b8e-82cf-163376df7764,A,700925.8703950001,13380.550237000001
1672533960,_6d82c9d9-5f99-4356-8a8d-acda9cd6f17b,B,551048.484855,-77243.832877
1672533960,_971765b5-da69-4ea8-a0cb-d2b9613b8ee3,C,622611.98272,-39516.536859
1672534020,_903a0e85-6a11-4b8e-82cf-163376df7764,A,701860.311483,13970.401023
1672534020,_6d82c9d9-5f99-4356-8a8d-acda9cd6f17b,B,551649.897742,-76865.30287
1672534020,_971765b5-da69-4ea8-a0cb-d2b9613b8ee3,C,623375.578664,-39052.015674
1672534080,_903a0e85-6a11-4b8e-82cf-163376df7764,A,701103.726935,13492.816123
1672534080,_6d82c9d9-5f99-4356-8a8d-acda9cd6f17b,B,551162.95449,-77171.7879
1672534080,_971765b5-da69-4ea8-a0cb-d2b9613b8ee3,C,622757.3665669999,-39428.14816299999
1672534140,_903a0e85-6a11-4b8e-82cf-163376df7764,A,703888.579882,15250.974866000002
1672534140,_6d82c9d9-5f99-4356-8a8d-acda9cd6f17b,B,552955.333547,-76043.551097
1672534140,_971765b5-da69-4ea8-a0cb-d2b9613b8ee3,C,625032.775502,-38043.451958
1672534200,_903a0e85-6a11-4b8e-82cf-163376df7764,A,702786.251989,14554.945496000002
1672534200,_6d82c9d9-5f99-4356-8a8d-acda9cd6f17b,B,552245.844521,-76490.182504
1672534200,_971765b5-da69-4ea8-a0cb-d2b9613b8ee3,C,624131.928709,-38591.52504600001
1672534260,_903a0e85-6a11-4b8e-82cf-163376df7764,A,699968.806524,12776.514105
1672534260,_6d82c9d9-5f99-4356-8a8d-acda9cd6f17b,B,550432.523305,-77631.48658
1672534260,_971765b5-da69-4ea8-a0cb-d2b9613b8ee3,C,621830.06126,-39992.33104899999
1672534358,_903a0e85-6a11-4b8e-82cf-163376df7764,A,649608.318815,7772.167857000001
1672534358,_6d82c9d9-5f99-4356-8a8d-acda9cd6f17b,B,500147.470856,-82043.106399
1672534358,_971765b5-da69-4ea8-a0cb-d2b9613b8ee3,C,571545.00143,-44305.565048000004
1672534380,_903a0e85-6a11-4b8e-82cf-163376df7764,A,647852.332341,6671.335955
1672534380,_6d82c9d9-5f99-4356-8a8d-acda9cd6f17b,B,499016.018229,-82749.84764600001
1672534380,_971765b5-da69-4ea8-a0cb-d2b9613b8ee3,C,570109.6032219998,-45173.319411
1672534440,_903a0e85-6a11-4b8e-82cf-163376df7764,A,648852.951185,7298.506718000001
1672534440,_6d82c9d9-5f99-4356-8a8d-acda9cd6f17b,B,499660.751189,-82347.142102
1672534440,_971765b5-da69-4ea8-a0cb-d2b9613b8ee3,C,570927.4144430001,-44678.801832
1672534500,_903a0e85-6a11-4b8e-82cf-163376df7764,A,649585.774372,7757.878607
1672534500,_6d82c9d9-5f99-4356-8a8d-acda9cd6f17b,B,500132.939629,-82052.186914
1672534500,_971765b5-da69-4ea8-a0cb-d2b9613b8ee3,C,571526.22483,-44316.53123100001
1672534560,_903a0e85-6a11-4b8e-82cf-163376df7764,A,649663.284304,7806.506333
1672534560,_6d82c9d9-5f99-4356-8a8d-acda9cd6f17b,B,500182.882,-82020.98896
1672534560,_971765b5-da69-4ea8-a0cb-d2b9613b8ee3,C,571589.4408679999,-44278.154117
1672534620,_903a0e85-6a11-4b8e-82cf-163376df7764,A,648430.160031,7033.493188999999
1672534620,_6d82c9d9-5f99-4356-8a8d-acda9cd6f17b,B,499388.330416,-82517.30305
1672534620,_971765b5-da69-4ea8-a0cb-d2b9613b8ee3,C,570581.797117,-44887.723437
1672534680,_903a0e85-6a11-4b8e-82cf-163376df7764,A,649630.87021,7786.150455000002
1672534680,_6d82c9d9-5f99-4356-8a8d-acda9cd6f17b,B,500161.9972599999,-82034.03515900002
1672534680,_971765b5-da69-4ea8-a0cb-d2b9613b8ee3,C,571563.104162,-44294.252165
1672534740,_903a0e85-6a11-4b8e-82cf-163376df7764,A,645127.904376,4964.201875000001
1672534740,_6d82c9d9-5f99-4356-8a8d-acda9cd6f17b,B,497260.633211,-83846.090669
1672534740,_971765b5-da69-4ea8-a0cb-d2b9613b8ee3,C,567883.291642,-46519.662396
1672534800,_903a0e85-6a11-4b8e-82cf-163376df7764,A,643783.195111,4121.874270999999
1672534800,_6d82c9d9-5f99-4356-8a8d-acda9cd6f17b,B,496394.251168,-84387.04864099999
1672534800,_971765b5-da69-4ea8-a0cb-d2b9613b8ee3,C,566784.753418,-47184.183333
1672534860,_903a0e85-6a11-4b8e-82cf-163376df7764,A,646667.0353960001,5928.561561000002
1672534860,_6d82c9d9-5f99-4356-8a8d-acda9cd6f17b,B,498252.3095590001,-83226.817439
1672534860,_971765b5-da69-4ea8-a0cb-d2b9613b8ee3,C,569141.356302,-45759.28298299999
1672534920,_903a0e85-6a11-4b8e-82cf-163376df7764,A,644417.500703,4519.185187
1672534920,_6d82c9d9-5f99-4356-8a8d-acda9cd6f17b,B,496802.925571,-84131.885547
1672534920,_971765b5-da69-4ea8-a0cb-d2b9613b8ee3,C,567302.970719,-46870.754297
1672534980,_903a0e85-6a11-4b8e-82cf-163376df7764,A,647445.023242,6416.0897749999995
1672534980,_6d82c9d9-5f99-4356-8a8d-acda9cd6f17b,B,498753.581758,-82913.755732
1672534980,_971765b5-da69-4ea8-a0cb-d2b9613b8ee3,C,569777.07244,-45374.781418
1672535040,_903a0e85-6a11-4b8e-82cf-163376df7764,A,648479.484912,7064.417379000001
1672535040,_6d82c9d9-5f99-4356-8a8d-acda9cd6f17b,B,499420.11349,-82497.45036200002
1672535040,_971765b5-da69-4ea8-a0cb-d2b9613b8ee3,C,570622.241505,-44863.411239
1672535100,_903a0e85-6a11-4b8e-82cf-163376df7764,A,644862.914896,4798.199739
1672535100,_6d82c9d9-5f99-4356-8a8d-acda9cd6f17b,B,497089.90190699993,-83952.698258
1672535100,_971765b5-da69-4ea8-a0cb-d2b9613b8ee3,C,567666.826626,-46650.62842800002
1672535160,_903a0e85-6a11-4b8e-82cf-163376df7764,A,649122.1233989999,7467.244432
1672535160,_6d82c9d9-5f99-4356-8a8d-acda9cd6f17b,B,499834.19144900003,-82238.803062
1672535160,_971765b5-da69-4ea8-a0cb-d2b9613b8ee3,C,571147.568746,-44545.842704
1672535220,_903a0e85-6a11-4b8e-82cf-163376df7764,A,651151.405515,8739.472661
1672535220,_6d82c9d9-5f99-4356-8a8d-acda9cd6f17b,B,501141.761191,-81421.95515900002
1672535220,_971765b5-da69-4ea8-a0cb-d2b9613b8ee3,C,572805.690815,-43542.532073
1672535280,_903a0e85-6a11-4b8e-82cf-163376df7764,A,647294.2234090001,6321.561455000001
1672535280,_6d82c9d9-5f99-4356-8a8d-acda9cd6f17b,B,498656.4138849999,-82974.443865
1672535280,_971765b5-da69-4ea8-a0cb-d2b9613b8ee3,C,569653.4315250001,-45449.10554500001
1672535340,_903a0e85-6a11-4b8e-82cf-163376df7764,A,645666.329078,5301.533758
1672535340,_6d82c9d9-5f99-4356-8a8d-acda9cd6f17b,B,497607.54254,-83629.465523
1672535340,_971765b5-da69-4ea8-a0cb-d2b9613b8ee3,C,568323.404773,-46253.684938
1672535400,_903a0e85-6a11-4b8e-82cf-163376df7764,A,647012.341928,6144.936097000002
1672535400,_6d82c9d9-5f99-4356-8a8d-acda9cd6f17b,B,498474.795269,-83087.87060199998
1672535400,_971765b5-da69-4ea8-a0cb-d2b9613b8ee3,C,569423.417721,-45588.579003
1672535460,_903a0e85-6a11-4b8e-82cf-163376df7764,A,644307.5559090001,4450.314064
1672535460,_6d82c9d9-5f99-4356-8a8d-acda9cd6f17b,B,496732.08893,-84176.11481600002
1672535460,_971765b5-da69-4ea8-a0cb-d2b9613b8ee3,C,567213.110766,-46925.064595
1672535520,_903a0e85-6a11-4b8e-82cf-163376df7764,A,646207.56056,5640.653715
1672535520,_6d82c9d9-5f99-4356-8a8d-acda9cd6f17b,B,497956.26378299994,-83411.69816300001
1672535520,_971765b5-da69-4ea8-a0cb-d2b9613b8ee3,C,568765.856627,-45986.326391
1672535580,_903a0e85-6a11-4b8e-82cf-163376df7764,A,646941.8720959999,6100.774357000001
1672535580,_6d82c9d9-5f99-4356-8a8d-acda9cd6f17b,B,498429.38993,-83116.22773700001
1672535580,_971765b5-da69-4ea8-a0cb-d2b9613b8ee3,C,569365.7986030001,-45623.388680000004
1672535640,_903a0e85-6a11-4b8e-82cf-163376df7764,A,644373.804817,4491.812822
1672535640,_6d82c9d9-5f99-4356-8a8d-acda9cd6f17b,B,496774.772534,-84149.463926
1672535640,_971765b5-da69-4ea8-a0cb-d2b9613b8ee3,C,567267.2490769998,-46892.335114999994
1672535700,_903a0e85-6a11-4b8e-82cf-163376df7764,A,640121.971312,1847.458104
1672535700,_6d82c9d9-5f99-4356-8a8d-acda9cd6f17b,B,494030.326611,-85847.70611
1672535700,_971765b5-da69-4ea8-a0cb-d2b9613b8ee3,C,563785.941724,-48978.416083000004
1672535760,_903a0e85-6a11-4b8e-82cf-163376df7764,A,640105.314126,1818.8698799999997
1672535760,_6d82c9d9-5f99-4356-8a8d-acda9cd6f17b,B,494024.724966,-85866.21887199998
1672535760,_971765b5-da69-4ea8-a0cb-d2b9613b8ee3,C,563779.855092,-49001.016066000004
1672535820,_903a0e85-6a11-4b8e-82cf-163376df7764,A,644070.74583,4302.003283000001
1672535820,_6d82c9d9-5f99-4356-8a8d-acda9cd6f17b,B,496579.519075,-84271.373735
1672535820,_971765b5-da69-4ea8-a0cb-d2b9613b8ee3,C,567020.016518,-47042.267306
1672535880,_903a0e85-6a11-4b8e-82cf-163376df7764,A,644420.318346,4520.959364
1672535880,_6d82c9d9-5f99-4356-8a8d-acda9cd6f17b,B,496804.74250399997,-84130.750382
1672535880,_971765b5-da69-4ea8-a0cb-d2b9613b8ee3,C,567305.42768,-46869.439001
1672535940,_903a0e85-6a11-4b8e-82cf-163376df7764,A,643150.283355,3725.47077
1672535940,_6d82c9d9-5f99-4356-8a8d-acda9cd6f17b,B,495986.478615,-84641.634416
1672535940,_971765b5-da69-4ea8-a0cb-d2b9613b8ee3,C,566267.631751,-47496.879337
1672536000,_903a0e85-6a11-4b8e-82cf-163376df7764,A,644196.198721,4380.574194
1672536000,_6d82c9d9-5f99-4356-8a8d-acda9cd6f17b,B,496660.34503299993,-84220.909117
1672536000,_971765b5-da69-4ea8-a0cb-d2b9613b8ee3,C,567122.34706,-46980.19639599999
1672536060,_903a0e85-6a11-4b8e-82cf-163376df7764,A,640969.504589,2359.889929
1672536060,_6d82c9d9-5f99-4356-8a8d-acda9cd6f17b,B,494581.477259,-85518.71229000001
1672536060,_971765b5-da69-4ea8-a0cb-d2b9613b8ee3,C,564485.742459,-48574.099016
1672536120,_903a0e85-6a11-4b8e-82cf-163376df7764,A,643784.6023809998,4122.770264
1672536120,_6d82c9d9-5f99-4356-8a8d-acda9cd6f17b,B,496395.16035,-84386.47994200002
1672536120,_971765b5-da69-4ea8-a0cb-d2b9613b8ee3,C,566786.14967,-47183.610473
1672536180,_903a0e85-6a11-4b8e-82cf-163376df7764,A,643038.922709,3655.7293470000004
1672536180,_6d82c9d9-5f99-4356-8a8d-acda9cd6f17b,B,495914.731891,-84686.426582
1672536180,_971765b5-da69-4ea8-a0cb-d2b9613b8ee3,C,566176.675115,-47551.910997
1672536240,_903a0e85-6a11-4b8e-82cf-163376df7764,A,642455.3300370001,3290.2547130000007
1672536240,_6d82c9d9-5f99-4356-8a8d-acda9cd6f17b,B,495538.73914399993,-84921.15594199998
1672536240,_971765b5-da69-4ea8-a0cb-d2b9613b8ee3,C,565699.8616429999,-47840.22249
1672536315,_903a0e85-6a11-4b8e-82cf-163376df7764,A,552784.988599,-7781.544782
1672536315,_6d82c9d9-5f99-4356-8a8d-acda9cd6f17b,B,408173.920492,-93434.37598900001
1672536315,_971765b5-da69-4ea8-a0cb-d2b9613b8ee3,C,477157.581709,-56910.197036
1672536360,_903a0e85-6a11-4b8e-82cf-163376df7764,A,555810.223455,-5913.784405000001
1672536360,_6d82c9d9-5f99-4356-8a8d-acda9cd6f17b,B,410128.460015,-92232.394584
1672536360,_971765b5-da69-4ea8-a0cb-d2b9613b8ee3,C,479631.910274,-55433.01379799999
1672536420,_903a0e85-6a11-4b8e-82cf-163376df7764,A,558142.570514,-4469.841589
1672536420,_6d82c9d9-5f99-4356-8a8d-acda9cd6f17b,B,411634.451585,-91303.23237000001
1672536420,_971765b5-da69-4ea8-a0cb-d2b9613b8ee3,C,481538.072309,-54291.062518
1672536480,_903a0e85-6a11-4b8e-82cf-163376df7764,A,557543.68991,-4840.66128
1672536480,_6d82c9d9-5f99-4356-8a8d-acda9cd6f17b,B,411247.749118,-91541.838883
1672536480,_971765b5-da69-4ea8-a0cb-d2b9613b8ee3,C,481048.433371,-54584.215335
1672536540,_903a0e85-6a11-4b8e-82cf-163376df7764,A,560331.316974,-3114.341833
1672536540,_6d82c9d9-5f99-4356-8a8d-acda9cd6f17b,B,413047.774489,-90431.066617
1672536540,_971765b5-da69-4ea8-a0cb-d2b9613b8ee3,C,483327.01744900004,-53219.212077000004
1672536600,_903a0e85-6a11-4b8e-82cf-163376df7764,A,565110.176602,-153.236051
1672536600,_6d82c9d9-5f99-4356-8a8d-acda9cd6f17b,B,416133.772513,-88526.089963
1672536600,_971765b5-da69-4ea8-a0cb-d2b9613b8ee3,C,487233.289342,-50878.17799599999
1672536660,_903a0e85-6a11-4b8e-82cf-163376df7764,A,568439.370014,1910.855858
1672536660,_6d82c9d9-5f99-4356-8a8d-acda9cd6f17b,B,418283.779014,-87198.414385
1672536660,_971765b5-da69-4ea8-a0cb-d2b9613b8ee3,C,489954.6334030001,-49246.54703200001
1672536720,_903a0e85-6a11-4b8e-82cf-163376df7764,A,569954.151897,2850.3520160000007
1672536720,_6d82c9d9-5f99-4356-8a8d-acda9cd6f17b,B,419262.070666,-86594.16675899999
1672536720,_971765b5-da69-4ea8-a0cb-d2b9613b8ee3,C,491192.826467,-48503.93733
1672536780,_903a0e85-6a11-4b8e-82cf-163376df7764,A,567572.336013,1373.1806559999998
1672536780,_6d82c9d9-5f99-4356-8a8d-acda9cd6f17b,B,417723.83151,-87544.23525199998
1672536780,_971765b5-da69-4ea8-a0cb-d2b9613b8ee3,C,489245.501838,-49671.334141
1672536840,_903a0e85-6a11-4b8e-82cf-163376df7764,A,565240.882369,-72.238147
1672536840,_6d82c9d9-5f99-4356-8a8d-acda9cd6f17b,B,416218.178407,-88473.978231
1672536840,_971765b5-da69-4ea8-a0cb-d2b9613b8ee3,C,487339.68870999996,-50813.905496
1672536900,_903a0e85-6a11-4b8e-82cf-163376df7764,A,565068.015998,-179.47625800000003
1672536900,_6d82c9d9-5f99-4356-8a8d-acda9cd6f17b,B,416106.543911,-88542.903507
1672536900,_971765b5-da69-4ea8-a0cb-d2b9613b8ee3,C,487198.69797000004,-50898.76993900001
1672536960,_903a0e85-6a11-4b8e-82cf-163376df7764,A,565128.448962,-141.89070000000004
1672536960,_6d82c9d9-5f99-4356-8a8d-acda9cd6f17b,B,416145.57126000006,-88518.80738300002
1672536960,_971765b5-da69-4ea8-a0cb-d2b9613b8ee3,C,487247.870154,-50869.043338
1672537020,_903a0e85-6a11-4b8e-82cf-163376df7764,A,566696.8355209999,830.353875
1672537020,_6d82c9d9-5f99-4356-8a8d-acda9cd6f17b,B,417158.427493,-87893.394163
1672537020,_971765b5-da69-4ea8-a0cb-d2b9613b8ee3,C,488530.073755,-50100.546613
1672537080,_903a0e85-6a11-4b8e-82cf-163376df7764,A,565415.1513519998,35.788096
1672537080,_6d82c9d9-5f99-4356-8a8d-acda9cd6f17b,B,416330.7196,-88404.490141
1672537080,_971765b5-da69-4ea8-a0cb-d2b9613b8ee3,C,487482.204981,-50728.544518
1672537140,_903a0e85-6a11-4b8e-82cf-163376df7764,A,564706.8227,-403.26113200000003
1672537140,_6d82c9d9-5f99-4356-8a8d-acda9cd6f17b,B,415873.291349,-88686.918271
1672537140,_971765b5-da69-4ea8-a0cb-d2b9613b8ee3,C,486903.241277,-51075.64479400001
1672537200,_903a0e85-6a11-4b8e-82cf-163376df7764,A,566960.48137,1018.526949
1672537200,_6d82c9d9-5f99-4356-8a8d-acda9cd6f17b,B,417321.79423600005,-87772.20980400001
1672537200,_971765b5-da69-4ea8-a0cb-d2b9613b8ee3,C,488735.80432399997,-49951.876985
1672537262,_903a0e85-6a11-4b8e-82cf-163376df7764,A,530291.03541,1911.520788
1672537262,_6d82c9d9-5f99-4356-8a8d-acda9cd6f17b,B,378987.678673,-87521.59883900001
1672537262,_971765b5-da69-4ea8-a0cb-d2b9613b8ee3,C,451073.924379,-49323.703956000005
1672537320,_903a0e85-6a11-4b8e-82cf-163376df7764,A,528248.9533839999,632.8575619999999
1672537320,_6d82c9d9-5f99-4356-8a8d-acda9cd6f17b,B,377671.8543049999,-88344.679861
1672537320,_971765b5-da69-4ea8-a0cb-d2b9613b8ee3,C,449410.388428,-50334.91762600001
1672537380,_903a0e85-6a11-4b8e-82cf-163376df7764,A,532196.202272,3110.7904389999994
1672537380,_6d82c9d9-5f99-4356-8a8d-acda9cd6f17b,B,380213.619797,-86749.56403299999
1672537380,_971765b5-da69-4ea8-a0cb-d2b9613b8ee3,C,452623.340724,-48375.153217
1672537440,_903a0e85-6a11-4b8e-82cf-163376df7764,A,533526.445756,3961.444874
1672537440,_6d82c9d9-5f99-4356-8a8d-acda9cd6f17b,B,381066.0063719999,-86201.93123199999
1672537440,_971765b5-da69-4ea8-a0cb-d2b9613b8ee3,C,453699.819146,-47702.313003
1672537500,_903a0e85-6a11-4b8e-82cf-163376df7764,A,529236.15588,1287.0820130000002
1672537500,_6d82c9d9-5f99-4356-8a8d-acda9cd6f17b,B,378297.895907,-87923.29193
1672537500,_971765b5-da69-4ea8-a0cb-d2b9613b8ee3,C,450199.921696,-49817.352339
1672537560,_903a0e85-6a11-4b8e-82cf-163376df7764,A,532671.9644240001,3368.1349380000006
1672537560,_6d82c9d9-5f99-4356-8a8d-acda9cd6f17b,B,380531.501538,-86584.181775
1672537560,_971765b5-da69-4ea8-a0cb-d2b9613b8ee3,C,453026.98287,-48171.58242
1672537620,_903a0e85-6a11-4b8e-82cf-163376df7764,A,534408.106247,4442.278933
1672537620,_6d82c9d9-5f99-4356-8a8d-acda9cd6f17b,B,381654.041422,-85892.917029
1672537620,_971765b5-da69-4ea8-a0cb-d2b9613b8ee3,C,454446.409889,-47322.023574
1672537680,_903a0e85-6a11-4b8e-82cf-163376df7764,A,538145.234101,6755.38878
1672537680,_6d82c9d9-5f99-4356-8a8d-acda9cd6f17b,B,384070.474917,-84404.496181
1672537680,_971765b5-da69-4ea8-a0cb-d2b9613b8ee3,C,457502.353515,-45493.010988
1672537740,_903a0e85-6a11-4b8e-82cf-163376df7764,A,537179.783735,6157.683224000001
1672537740,_6d82c9d9-5f99-4356-8a8d-acda9cd6f17b,B,383446.197345,-84789.07521500002
1672537740,_971765b5-da69-4ea8-a0cb-d2b9613b8ee3,C,456712.568675,-45965.434741
1672537800,_903a0e85-6a11-4b8e-82cf-163376df7764,A,536736.336378,5883.184287
1672537800,_6d82c9d9-5f99-4356-8a8d-acda9cd6f17b,B,383159.460412,-84965.703528
1672537800,_971765b5-da69-4ea8-a0cb-d2b9613b8ee3,C,456349.998947,-46182.50739299999
1672537860,_903a0e85-6a11-4b8e-82cf-163376df7764,A,536789.662504,5916.225391
1672537860,_6d82c9d9-5f99-4356-8a8d-acda9cd6f17b,B,383193.941818,-84944.463465
1672537860,_971765b5-da69-4ea8-a0cb-d2b9613b8ee3,C,456393.578225,-46156.39370300001
1672537920,_903a0e85-6a11-4b8e-82cf-163376df7764,A,538613.9145309998,7045.564596999999
1672537920,_6d82c9d9-5f99-4356-8a8d-acda9cd6f17b,B,384373.534697,-84217.78990400002
1672537920,_971765b5-da69-4ea8-a0cb-d2b9613b8ee3,C,457885.4702459999,-45263.50530099999
1672538020,_903a0e85-6a11-4b8e-82cf-163376df7764,A,475882.078584,6048.506513
1672538020,_6d82c9d9-5f99-4356-8a8d-acda9cd6f17b,B,320449.05929,-85352.101571
1672538020,_971765b5-da69-4ea8-a0cb-d2b9613b8ee3,C,394430.372233,-46089.19993
1672538040,_903a0e85-6a11-4b8e-82cf-163376df7764,A,477985.75937700004,7344.452053
1672538040,_6d82c9d9-5f99-4356-8a8d-acda9cd6f17b,B,321811.71394,-84517.704409
1672538040,_971765b5-da69-4ea8-a0cb-d2b9613b8ee3,C,396151.159138,-45063.088512
1672538100,_903a0e85-6a11-4b8e-82cf-163376df7764,A,476609.281022,6503.272737
1672538100,_6d82c9d9-5f99-4356-8a8d-acda9cd6f17b,B,320918.183279,-85059.181661
1672538100,_971765b5-da69-4ea8-a0cb-d2b9613b8ee3,C,395022.077575,-45728.817985
1672538160,_903a0e85-6a11-4b8e-82cf-163376df7764,A,481664.65883400006,9612.021314
1672538160,_6d82c9d9-5f99-4356-8a8d-acda9cd6f17b,B,324194.834197,-83058.05380699999
1672538160,_971765b5-da69-4ea8-a0cb-d2b9613b8ee3,C,399161.211644,-43268.41712900001
1672538220,_903a0e85-6a11-4b8e-82cf-163376df7764,A,480914.081217,9149.269205
1672538220,_6d82c9d9-5f99-4356-8a8d-acda9cd6f17b,B,323708.611809,-83355.906043
1672538220,_971765b5-da69-4ea8-a0cb-d2b9613b8ee3,C,398546.682957,-43634.419739
1672538280,_903a0e85-6a11-4b8e-82cf-163376df7764,A,478295.274835,7535.165795
1672538280,_6d82c9d9-5f99-4356-8a8d-acda9cd6f17b,B,322012.205854,-84394.92622
1672538280,_971765b5-da69-4ea8-a0cb-d2b9613b8ee3,C,396404.027015,-44911.93270500001
1672538340,_903a0e85-6a11-4b8e-82cf-163376df7764,A,477840.10522400006,7254.693474
1672538340,_6d82c9d9-5f99-4356-8a8d-acda9cd6f17b,B,321717.364801,-84575.484508
1672538340,_971765b5-da69-4ea8-a0cb-d2b9613b8ee3,C,396031.811035,-45134.03591200001
1672538400,_903a0e85-6a11-4b8e-82cf-163376df7764,A,478884.879836,7898.523919000001
1672538400,_6d82c9d9-5f99-4356-8a8d-acda9cd6f17b,B,322394.1329319999,-84161.02159999998
1672538400,_971765b5-da69-4ea8-a0cb-d2b9613b8ee3,C,396886.660603,-44624.464068
1672538460,_903a0e85-6a11-4b8e-82cf-163376df7764,A,481222.156671,9339.202095
1672538460,_6d82c9d9-5f99-4356-8a8d-acda9cd6f17b,B,323908.181699,-83233.654644
1672538460,_971765b5-da69-4ea8-a0cb-d2b9613b8ee3,C,398798.968096,-43484.224003
1672538520,_903a0e85-6a11-4b8e-82cf-163376df7764,A,482936.11136099993,10395.984558
1672538520,_6d82c9d9-5f99-4356-8a8d-acda9cd6f17b,B,325018.49083499995,-82553.457485
1672538520,_971765b5-da69-4ea8-a0cb-d2b9613b8ee3,C,400201.22534,-42647.840223
1672538580,_903a0e85-6a11-4b8e-82cf-163376df7764,A,487751.062069,13366.228437000002
1672538580,_6d82c9d9-5f99-4356-8a8d-acda9cd6f17b,B,328137.815505,-80641.928211
1672538580,_971765b5-da69-4ea8-a0cb-d2b9613b8ee3,C,404141.16524099995,-40297.64287099999
1672538640,_903a0e85-6a11-4b8e-82cf-163376df7764,A,492055.571933,16023.390044999998
1672538640,_6d82c9d9-5f99-4356-8a8d-acda9cd6f17b,B,330926.67113599996,-78932.20575799998
1672538640,_971765b5-da69-4ea8-a0cb-d2b9613b8ee3,C,407663.4884760001,-38195.49992200001
1672538700,_903a0e85-6a11-4b8e-82cf-163376df7764,A,496283.750193,18635.096565000003
1672538700,_6d82c9d9-5f99-4356-8a8d-acda9cd6f17b,B,333666.270766,-77252.028662
1672538700,_971765b5-da69-4ea8-a0cb-d2b9613b8ee3,C,411123.674366,-36129.766437
1672538760,_903a0e85-6a11-4b8e-82cf-163376df7764,A,495974.46601000003,18443.98292
1672538760,_6d82c9d9-5f99-4356-8a8d-acda9cd6f17b,B,333465.86643299996,-77374.960511
1672538760,_971765b5-da69-4ea8-a0cb-d2b9613b8ee3,C,410870.17788500007,-36280.704037
1672538820,_903a0e85-6a11-4b8e-82cf-163376df7764,A,500133.399293,21014.423076
1672538820,_6d82c9d9-5f99-4356-8a8d-acda9cd6f17b,B,336160.778022,-75721.603469
1672538820,_971765b5-da69-4ea8-a0cb-d2b9613b8ee3,C,414274.336324,-34248.205016
1672538880,_903a0e85-6a11-4b8e-82cf-163376df7764,A,497516.658067,19396.938731000002
1672538880,_6d82c9d9-5f99-4356-8a8d-acda9cd6f17b,B,334465.155617,-76761.961879
1672538880,_971765b5-da69-4ea8-a0cb-d2b9613b8ee3,C,412132.118408,-35526.948191
1672538940,_903a0e85-6a11-4b8e-82cf-163376df7764,A,494576.334415,17580.218534
1672538940,_6d82c9d9-5f99-4356-8a8d-acda9cd6f17b,B,332559.945758,-77930.613073
1672538940,_971765b5-da69-4ea8-a0cb-d2b9613b8ee3,C,409725.75713800004,-36963.74377000001
1672539000,_903a0e85-6a11-4b8e-82cf-163376df7764,A,500530.785601,21260.085035000004
1672539000,_6d82c9d9-5f99-4356-8a8d-acda9cd6f17b,B,336418.28625,-75563.59062
1672539000,_971765b5-da69-4ea8-a0cb-d2b9613b8ee3,C,414599.19100700004,-34053.733412
1672539060,_903a0e85-6a11-4b8e-82cf-163376df7764,A,503138.809558,22872.901323
1672539060,_6d82c9d9-5f99-4356-8a8d-acda9cd6f17b,B,338108.346176,-74526.36416300002
1672539060,_971765b5-da69-4ea8-a0cb-d2b9613b8ee3,C,416734.083742,-32778.700992
1672539120,_903a0e85-6a11-4b8e-82cf-163376df7764,A,504438.52083099994,23676.869216
1672539120,_6d82c9d9-5f99-4356-8a8d-acda9cd6f17b,B,338950.616733,-74009.35484500001
1672539120,_971765b5-da69-4ea8-a0cb-d2b9613b8ee3,C,417797.805999,-32143.035743999997
1672539180,_903a0e85-6a11-4b8e-82cf-163376df7764,A,506339.6947030001,24853.176667000003
1672539180,_6d82c9d9-5f99-4356-8a8d-acda9cd6f17b,B,340182.695635,-73252.958178
1672539180,_971765b5-da69-4ea8-a0cb-d2b9613b8ee3,C,419354.05449700006,-31213.171666000006
1672539240,_903a0e85-6a11-4b8e-82cf-163376df7764,A,505312.884383,24217.810189
1672539240,_6d82c9d9-5f99-4356-8a8d-acda9cd6f17b,B,339517.253429,-73661.504128
1672539240,_971765b5-da69-4ea8-a0cb-d2b9613b8ee3,C,418513.29629699996,-31715.286252
1672539300,_903a0e85-6a11-4b8e-82cf-163376df7764,A,505669.614781,24438.537102
1672539300,_6d82c9d9-5f99-4356-8a8d-acda9cd6f17b,B,339748.437484,-73519.573496
1672539300,_971765b5-da69-4ea8-a0cb-d2b9613b8ee3,C,418805.419693,-31540.866263
1672539360,_903a0e85-6a11-4b8e-82cf-163376df7764,A,506766.35457,25117.20487
1672539360,_6d82c9d9-5f99-4356-8a8d-acda9cd6f17b,B,340459.203108,-73083.187758
1672539360,_971765b5-da69-4ea8-a0cb-d2b9613b8ee3,C,419703.23011,-31004.424207
1672539420,_903a0e85-6a11-4b8e-82cf-163376df7764,A,507452.207673,25553.229358
1672539420,_6d82c9d9-5f99-4356-8a8d-acda9cd6f17b,B,340900.517897,-72802.736768
1672539420,_971765b5-da69-4ea8-a0cb-d2b9613b8ee3,C,420260.053771,-30659.723030000005
1672539480,_903a0e85-6a11-4b8e-82cf-163376df7764,A,503912.490823,23351.442372
1672539480,_6d82c9d9-5f99-4356-8a8d-acda9cd6f17b,B,338609.7231,-74218.61651
1672539480,_971765b5-da69-4ea8-a0cb-d2b9613b8ee3,C,417366.81198199996,-32400.07277
1672539540,_903a0e85-6a11-4b8e-82cf-163376df7764,A,501541.009327,21884.732643000003
1672539540,_6d82c9d9-5f99-4356-8a8d-acda9cd6f17b,B,337072.925438,-75161.855927
1672539540,_971765b5-da69-4ea8-a0cb-d2b9613b8ee3,C,415425.858636,-33559.744114
1672539600,_903a0e85-6a11-4b8e-82cf-163376df7764,A,500142.411379,21112.442555000005
1672539600,_6d82c9d9-5f99-4356-8a8d-acda9cd6f17b,B,336141.203769,-75657.81527599998
1672539600,_971765b5-da69-4ea8-a0cb-d2b9613b8ee3,C,414244.74452,-34170.2532
1672539660,_903a0e85-6a11-4b8e-82cf-163376df7764,A,502749.98746,22750.32338
1672539660,_6d82c9d9-5f99-4356-8a8d-acda9cd6f17b,B,337823.986952,-74604.245927
1672539660,_971765b5-da69-4ea8-a0cb-d2b9613b8ee3,C,416369.33284800005,-32875.387566
1672539720,_903a0e85-6a11-4b8e-82cf-163376df7764,A,506547.84355,25051.361533
1672539720,_6d82c9d9-5f99-4356-8a8d-acda9cd6f17b,B,340298.549796,-73124.96577800001
1672539720,_971765b5-da69-4ea8-a0cb-d2b9613b8ee3,C,419497.274482,-31056.478199
1672539780,_903a0e85-6a11-4b8e-82cf-163376df7764,A,509827.56474699994,27069.898975
1672539780,_6d82c9d9-5f99-4356-8a8d-acda9cd6f17b,B,342427.295022,-71827.233122
1672539780,_971765b5-da69-4ea8-a0cb-d2b9613b8ee3,C,422186.53251,-29461.00213499999
1672539840,_903a0e85-6a11-4b8e-82cf-163376df7764,A,509404.379514,26902.682622
1672539840,_6d82c9d9-5f99-4356-8a8d-acda9cd6f17b,B,342127.0131350001,-71933.949828
1672539840,_971765b5-da69-4ea8-a0cb-d2b9613b8ee3,C,421802.3944129999,-29592.774144
1672539900,_903a0e85-6a11-4b8e-82cf-163376df7764,A,506526.293255,25137.41024200001
1672539900,_6d82c9d9-5f99-4356-8a8d-acda9cd6f17b,B,340257.294059,-73068.815481
1672539900,_971765b5-da69-4ea8-a0cb-d2b9613b8ee3,C,419439.8396799999,-30987.927622999996
1672539960,_903a0e85-6a11-4b8e-82cf-163376df7764,A,512455.249498,28805.775426000004
1672539960,_6d82c9d9-5f99-4356-8a8d-acda9cd6f17b,B,344100.568283,-70710.368651
1672539960,_971765b5-da69-4ea8-a0cb-d2b9613b8ee3,C,424294.50659999996,-28088.737107999998
1672540020,_903a0e85-6a11-4b8e-82cf-163376df7764,A,508903.134922,26539.178919
1672540020,_6d82c9d9-5f99-4356-8a8d-acda9cd6f17b,B,341816.745626,-72168.09345799999
1672540020,_971765b5-da69-4ea8-a0cb-d2b9613b8ee3,C,421412.771186,-29880.043971000006
1672540080,_903a0e85-6a11-4b8e-82cf-163376df7764,A,514522.680947,29943.117742
1672540080,_6d82c9d9-5f99-4356-8a8d-acda9cd6f17b,B,345479.89404299995,-69980.46625599999
1672540080,_971765b5-da69-4ea8-a0cb-d2b9613b8ee3,C,426043.534347,-27190.292269
1672540140,_903a0e85-6a11-4b8e-82cf-163376df7764,A,512024.145738,28372.266771
1672540140,_6d82c9d9-5f99-4356-8a8d-acda9cd6f17b,B,343866.81025199994,-70990.43483599999
1672540140,_971765b5-da69-4ea8-a0cb-d2b9613b8ee3,C,424006.971469,-28431.553560000004
1672540200,_903a0e85-6a11-4b8e-82cf-163376df7764,A,512010.159228,28363.602699
1672540200,_6d82c9d9-5f99-4356-8a8d-acda9cd6f17b,B,343857.745226,-70996.001278
1672540200,_971765b5-da69-4ea8-a0cb-d2b9613b8ee3,C,423995.767487,-28438.526528
1672540260,_903a0e85-6a11-4b8e-82cf-163376df7764,A,508782.046581,26364.792287
1672540260,_6d82c9d9-5f99-4356-8a8d-acda9cd6f17b,B,341765.549263,-72281.027076
1672540260,_971765b5-da69-4ea8-a0cb-d2b9613b8ee3,C,421352.845172,-30018.078537000005
1672540320,_903a0e85-6a11-4b8e-82cf-163376df7764,A,512183.579914,28471.034055
1672540320,_6d82c9d9-5f99-4356-8a8d-acda9cd6f17b,B,343970.1459809999,-70926.951492
1672540320,_971765b5-da69-4ea8-a0cb-d2b9613b8ee3,C,424138.03956,-28353.802544
1672540380,_903a0e85-6a11-4b8e-82cf-163376df7764,A,515318.949147,30413.387548
1672540380,_6d82c9d9-5f99-4356-8a8d-acda9cd6f17b,B,346002.349113,-69678.39508
1672540380,_971765b5-da69-4ea8-a0cb-d2b9613b8ee3,C,426704.879415,-26818.946730000003
1672540440,_903a0e85-6a11-4b8e-82cf-163376df7764,A,512049.320285,28387.853996999995
1672540440,_6d82c9d9-5f99-4356-8a8d-acda9cd6f17b,B,343883.126647,-70980.412522
1672540440,_971765b5-da69-4ea8-a0cb-d2b9613b8ee3,C,424027.504528,-28419.192668
1672540500,_903a0e85-6a11-4b8e-82cf-163376df7764,A,516029.31521500007,30853.587613000003
1672540500,_6d82c9d9-5f99-4356-8a8d-acda9cd6f17b,B,346462.79109,-69395.45583799998
1672540500,_971765b5-da69-4ea8-a0cb-d2b9613b8ee3,C,427286.545294,-26471.179264
1672540560,_903a0e85-6a11-4b8e-82cf-163376df7764,A,517501.722115,31766.140055999997
1672540560,_6d82c9d9-5f99-4356-8a8d-acda9cd6f17b,B,347417.186634,-68808.930074
1672540560,_971765b5-da69-4ea8-a0cb-d2b9613b8ee3,C,428491.805487,-25750.054963
1672540620,_903a0e85-6a11-4b8e-82cf-163376df7764,A,517926.78796,32029.618690000003
1672540620,_6d82c9d9-5f99-4356-8a8d-acda9cd6f17b,B,347692.713356,-68639.590233
1672540620,_971765b5-da69-4ea8-a0cb-d2b9613b8ee3,C,428839.723745,-25541.838671999998
1672540680,_903a0e85-6a11-4b8e-82cf-163376df7764,A,521589.87136,34300.938048
1672540680,_6d82c9d9-5f99-4356-8a8d-acda9cd6f17b,B,350067.199781,-67179.939008
1672540680,_971765b5-da69-4ea8-a0cb-d2b9613b8ee3,C,431839.289495,-23747.746406
1672540740,_903a0e85-6a11-4b8e-82cf-163376df7764,A,517275.206123,31625.713573
1672540740,_6d82c9d9-5f99-4356-8a8d-acda9cd6f17b,B,347270.359538,-68899.173333
1672540740,_971765b5-da69-4ea8-a0cb-d2b9613b8ee3,C,428305.78880599997,-25860.691378999996
1672540800,_903a0e85-6a11-4b8e-82cf-163376df7764,A,516229.27872899995,30977.487706999997
1672540800,_6d82c9d9-5f99-4356-8a8d-acda9cd6f17b,B,346592.40293300006,-69315.81118500001
1672540800,_971765b5-da69-4ea8-a0cb-d2b9613b8ee3,C,427449.776964,-26373.018985000002
1672540860,_903a0e85-6a11-4b8e-82cf-163376df7764,A,511905.267797,28298.633251
1672540860,_6d82c9d9-5f99-4356-8a8d-acda9cd6f17b,B,343789.761112,-71037.766599
1672540860,_971765b5-da69-4ea8-a0cb-d2b9613b8ee3,C,423909.478029,-28489.646867
1672540920,_903a0e85-6a11-4b8e-82cf-163376df7764,A,512948.581068,28944.857431000004
1672540920,_6d82c9d9-5f99-4356-8a8d-acda9cd6f17b,B,344465.974514,-70622.356332
1672540920,_971765b5-da69-4ea8-a0cb-d2b9613b8ee3,C,424764.09492,-27979.245101000004
1672540980,_903a0e85-6a11-4b8e-82cf-163376df7764,A,515012.70250699995,30223.624036999998
1672540980,_6d82c9d9-5f99-4356-8a8d-acda9cd6f17b,B,345803.849122,-69800.367242
1672540980,_971765b5-da69-4ea8-a0cb-d2b9613b8ee3,C,426454.052401,-26968.830796999995
1672541051,_903a0e85-6a11-4b8e-82cf-163376df7764,A,479041.449027,26268.361338999995
1672541051,_6d82c9d9-5f99-4356-8a8d-acda9cd6f17b,B,310814.559756,-72638.636535
1672541051,_971765b5-da69-4ea8-a0cb-d2b9613b8ee3,C,390841.02464,-30155.750531000005
1672541100,_903a0e85-6a11-4b8e-82cf-163376df7764,A,482877.84454399993,28635.755814
1672541100,_6d82c9d9-5f99-4356-8a8d-acda9cd6f17b,B,313302.767677,-71115.794497
1672541100,_971765b5-da69-4ea8-a0cb-d2b9613b8ee3,C,393981.321578,-28284.295932999998
1672541160,_903a0e85-6a11-4b8e-82cf-163376df7764,A,486018.038144,30574.672447
1672541160,_6d82c9d9-5f99-4356-8a8d-acda9cd6f17b,B,315339.556414,-69868.834614
1672541160,_971765b5-da69-4ea8-a0cb-d2b9613b8ee3,C,396551.911325,-26751.919503999998
1672541220,_903a0e85-6a11-4b8e-82cf-163376df7764,A,482055.015199,28127.819829999997
1672541220,_6d82c9d9-5f99-4356-8a8d-acda9cd6f17b,B,312769.083724,-71442.474541
1672541220,_971765b5-da69-4ea8-a0cb-d2b9613b8ee3,C,393307.009738,-28685.347037
1672541280,_903a0e85-6a11-4b8e-82cf-163376df7764,A,480864.723394,27393.209641000005
1672541280,_6d82c9d9-5f99-4356-8a8d-acda9cd6f17b,B,311997.077129,-71914.98012800001
1672541280,_971765b5-da69-4ea8-a0cb-d2b9613b8ee3,C,392332.927057,-29266.14772
1672541340,_903a0e85-6a11-4b8e-82cf-163376df7764,A,478796.943061,26117.330780000004
1672541340,_6d82c9d9-5f99-4356-8a8d-acda9cd6f17b,B,310655.981472,-72735.679669
1672541340,_971765b5-da69-4ea8-a0cb-d2b9613b8ee3,C,390640.25795999996,-30274.667791999997
1672541400,_903a0e85-6a11-4b8e-82cf-163376df7764,A,483204.734017,28837.554257000003
1672541400,_6d82c9d9-5f99-4356-8a8d-acda9cd6f17b,B,313514.789197,-70986.006978
1672541400,_971765b5-da69-4ea8-a0cb-d2b9613b8ee3,C,394248.970907,-28124.832979999996
1672541460,_903a0e85-6a11-4b8e-82cf-163376df7764,A,480326.838418,27061.276161999995
1672541460,_6d82c9d9-5f99-4356-8a8d-acda9cd6f17b,B,311648.217842,-72128.485065
1672541460,_971765b5-da69-4ea8-a0cb-d2b9613b8ee3,C,391892.473678,-29528.438517
1672541520,_903a0e85-6a11-4b8e-82cf-163376df7764,A,481352.302144,27694.124169000002
1672541520,_6d82c9d9-5f99-4356-8a8d-acda9cd6f17b,B,312313.311726,-71721.43211400001
1672541520,_971765b5-da69-4ea8-a0cb-d2b9613b8ee3,C,392732.256662,-29028.410184
1672541580,_903a0e85-6a11-4b8e-82cf-163376df7764,A,482319.049427,28290.811338000003
1672541580,_6d82c9d9-5f99-4356-8a8d-acda9cd6f17b,B,312940.334277,-71337.648475
1672541580,_971765b5-da69-4ea8-a0cb-d2b9613b8ee3,C,393523.617099,-28556.780294
1672541640,_903a0e85-6a11-4b8e-82cf-163376df7764,A,484721.138315,29794.609908
1672541640,_6d82c9d9-5f99-4356-8a8d-acda9cd6f17b,B,314492.662449,-70370.314427
1672541640,_971765b5-da69-4ea8-a0cb-d2b9613b8ee3,C,395481.945648,-27368.268628
1672541700,_903a0e85-6a11-4b8e-82cf-163376df7764,A,490719.683135,33532.618119
1672541700,_6d82c9d9-5f99-4356-8a8d-acda9cd6f17b,B,318374.814772,-67966.35799800002
1672541700,_971765b5-da69-4ea8-a0cb-d2b9613b8ee3,C,400379.839143,-24414.296481
1672541760,_903a0e85-6a11-4b8e-82cf-163376df7764,A,493571.205885,35256.002607
1672541760,_6d82c9d9-5f99-4356-8a8d-acda9cd6f17b,B,320235.343617,-66858.712824
1672541760,_971765b5-da69-4ea8-a0cb-d2b9613b8ee3,C,402730.33657000004,-23053.136343
1672541820,_903a0e85-6a11-4b8e-82cf-163376df7764,A,495250.476714,36280.520063
1672541820,_6d82c9d9-5f99-4356-8a8d-acda9cd6f17b,B,321328.522053,-66200.209594
1672541820,_971765b5-da69-4ea8-a0cb-d2b9613b8ee3,C,404110.637623,-22243.820948
1672541880,_903a0e85-6a11-4b8e-82cf-163376df7764,A,504216.998996,41829.524422
1672541880,_6d82c9d9-5f99-4356-8a8d-acda9cd6f17b,B,327145.894237,-62633.73891500001
1672541880,_971765b5-da69-4ea8-a0cb-d2b9613b8ee3,C,411452.85655,-17861.492334
1672541940,_903a0e85-6a11-4b8e-82cf-163376df7764,A,506821.31483,43442.659497
1672541940,_6d82c9d9-5f99-4356-8a8d-acda9cd6f17b,B,328835.709992,-61597.207814
1672541940,_971765b5-da69-4ea8-a0cb-d2b9613b8ee3,C,413586.072617,-16588.134896
1672542000,_903a0e85-6a11-4b8e-82cf-163376df7764,A,505943.4717560001,42898.842
1672542000,_6d82c9d9-5f99-4356-8a8d-acda9cd6f17b,B,328266.111667,-61946.628947
1672542000,_971765b5-da69-4ea8-a0cb-d2b9613b8ee3,C,412866.74334299995,-17017.245511
1672542060,_903a0e85-6a11-4b8e-82cf-163376df7764,A,500981.44858,39826.346189
1672542060,_6d82c9d9-5f99-4356-8a8d-acda9cd6f17b,B,325046.60562,-63921.091208
1672542060,_971765b5-da69-4ea8-a0cb-d2b9613b8ee3,C,408803.299225,-19443.311336
1672542120,_903a0e85-6a11-4b8e-82cf-163376df7764,A,502738.860583,40914.280961000004
1672542120,_6d82c9d9-5f99-4356-8a8d-acda9cd6f17b,B,326186.834481,-63221.910626
1672542120,_971765b5-da69-4ea8-a0cb-d2b9613b8ee3,C,410242.616509,-18584.310294
1672542180,_903a0e85-6a11-4b8e-82cf-163376df7764,A,506510.095225,43249.863772
1672542180,_6d82c9d9-5f99-4356-8a8d-acda9cd6f17b,B,328633.770434,-61721.088557
1672542180,_971765b5-da69-4ea8-a0cb-d2b9613b8ee3,C,413331.31755700003,-16740.411081
1672542240,_903a0e85-6a11-4b8e-82cf-163376df7764,A,506771.074064,43411.52407300001
1672542240,_6d82c9d9-5f99-4356-8a8d-acda9cd6f17b,B,328803.110711,-61617.209052
1672542240,_971765b5-da69-4ea8-a0cb-d2b9613b8ee3,C,413544.66275099997,-16612.568975
1672542300,_903a0e85-6a11-4b8e-82cf-163376df7764,A,504605.012707,42069.831393
1672542300,_6d82c9d9-5f99-4356-8a8d-acda9cd6f17b,B,327397.653436,-62479.327836
1672542300,_971765b5-da69-4ea8-a0cb-d2b9613b8ee3,C,411770.4500010001,-17671.680212000003
1672542360,_903a0e85-6a11-4b8e-82cf-163376df7764,A,509785.373881,45279.320427
1672542360,_6d82c9d9-5f99-4356-8a8d-acda9cd6f17b,B,330759.037526,-60417.14856099999
1672542360,_971765b5-da69-4ea8-a0cb-d2b9613b8ee3,C,416013.34618,-15138.088358000003
1672542420,_903a0e85-6a11-4b8e-82cf-163376df7764,A,508338.278101,44382.529708
1672542420,_6d82c9d9-5f99-4356-8a8d-acda9cd6f17b,B,329820.029859,-60993.320213
1672542420,_971765b5-da69-4ea8-a0cb-d2b9613b8ee3,C,414828.013486,-15845.926646
1672542480,_903a0e85-6a11-4b8e-82cf-163376df7764,A,508782.044254,44657.529627
1672542480,_6d82c9d9-5f99-4356-8a8d-acda9cd6f17b,B,330107.983211,-60816.639407
1672542480,_971765b5-da69-4ea8-a0cb-d2b9613b8ee3,C,415191.680791,-15628.964522999999
1672542540,_903a0e85-6a11-4b8e-82cf-163376df7764,A,507722.85218,44001.196895
1672542540,_6d82c9d9-5f99-4356-8a8d-acda9cd6f17b,B,329420.692308,-61238.32826
1672542540,_971765b5-da69-4ea8-a0cb-d2b9613b8ee3,C,414324.017832,-16146.977672999996
1672542600,_903a0e85-6a11-4b8e-82cf-163376df7764,A,509308.13413399993,44983.563741
1672542600,_6d82c9d9-5f99-4356-8a8d-acda9cd6f17b,B,330449.35815,-60607.17241199999
1672542600,_971765b5-da69-4ea8-a0cb-d2b9613b8ee3,C,415622.69274999993,-15371.676071999997
1672542660,_903a0e85-6a11-4b8e-82cf-163376df7764,A,514539.10893000005,48226.677175
1672542660,_6d82c9d9-5f99-4356-8a8d-acda9cd6f17b,B,333843.858463,-58523.781460000006
1672542660,_971765b5-da69-4ea8-a0cb-d2b9613b8ee3,C,419907.020555,-12811.889964
1672542720,_903a0e85-6a11-4b8e-82cf-163376df7764,A,522731.4197070001,53310.872354
1672542720,_6d82c9d9-5f99-4356-8a8d-acda9cd6f17b,B,339160.647485,-55258.57155500001
1672542720,_971765b5-da69-4ea8-a0cb-d2b9613b8ee3,C,426617.989475,-8800.426673000002
1672542780,_903a0e85-6a11-4b8e-82cf-163376df7764,A,526348.931067,55557.942891000006
1672542780,_6d82c9d9-5f99-4356-8a8d-acda9cd6f17b,B,341508.639974,-53815.81046800001
1672542780,_971765b5-da69-4ea8-a0cb-d2b9613b8ee3,C,429582.272061,-7028.29926
1672542840,_903a0e85-6a11-4b8e-82cf-163376df7764,A,532528.4079950001,59399.104467
1672542840,_6d82c9d9-5f99-4356-8a8d-acda9cd6f17b,B,345519.845948,-51349.97150300001
1672542840,_971765b5-da69-4ea8-a0cb-d2b9613b8ee3,C,434644.961357,-3998.890134
