time,mrid,value
1672531200,_5FBE0EB4-B59A-4F56-9CC9-C00AA433006C,250000.0
1672531200,_DC88677C-83A6-4B9A-A05F-578B8D5850EB,200000.0
1672531200,_76CBB3CE-2D4C-4392-A1CD-AAEBC2AB5FA5,100000.0
1672531200,_B42011D9-38A0-4D06-8C84-49836267E66B,150000.0
1672531200,_50310945-A608-4A94-98A9-B6E45510F0BF,125000.0
1672531800,_5FBE0EB4-B59A-4F56-9CC9-C00AA433006C,250000.0
1672531800,_DC88677C-83A6-4B9A-A05F-578B8D5850EB,200000.0
1672531800,_76CBB3CE-2D4C-4392-A1CD-AAEBC2AB5FA5,100000.0
1672531800,_B42011D9-38A0-4D06-8C84-49836267E66B,150000.0
1672531800,_50310945-A608-4A94-98A9-B6E45510F0BF,125000.0
1672532400,_5FBE0EB4-B59A-4F56-9CC9-C00AA433006C,250000.0
1672532400,_DC88677C-83A6-4B9A-A05F-578B8D5850EB,200000.0
1672532400,_76CBB3CE-2D4C-4392-A1CD-AAEBC2AB5FA5,100000.0
1672532400,_B42011D9-38A0-4D06-8C84-49836267E66B,150000.0
1672532400,_50310945-A608-4A94-98A9-B6E45510F0BF,125000.0
1672533000,_5FBE0EB4-B59A-4F56-9CC9-C00AA433006C,250000.0
1672533000,_DC88677C-83A6-4B9A-A05F-578B8D5850EB,64537.64246729679
1672533000,_76CBB3CE-2D4C-4392-A1CD-AAEBC2AB5FA5,32268.821233648596
1672533000,_B42011D9-38A0-4D06-8C84-49836267E66B,150000.0
1672533000,_50310945-A608-4A94-98A9-B6E45510F0BF,125000.0
1672533600,_5FBE0EB4-B59A-4F56-9CC9-C00AA433006C,250000.0
1672533600,_DC88677C-83A6-4B9A-A05F-578B8D5850EB,19129.72211872142
1672533600,_76CBB3CE-2D4C-4392-A1CD-AAEBC2AB5FA5,9564.861059360474
1672533600,_B42011D9-38A0-4D06-8C84-49836267E66B,150000.0
1672533600,_50310945-A608-4A94-98A9-B6E45510F0BF,125000.0
1672534200,_5FBE0EB4-B59A-4F56-9CC9-C00AA433006C,180749.75207083306
1672534200,_DC88677C-83A6-4B9A-A05F-578B8D5850EB,5028.7843661188845
1672534200,_76CBB3CE-2D4C-4392-A1CD-AAEBC2AB5FA5,2514.392183060069
1672534200,_B42011D9-38A0-4D06-8C84-49836267E66B,150000.0
1672534200,_50310945-A608-4A94-98A9-B6E45510F0BF,125000.0
1672534800,_5FBE0EB4-B59A-4F56-9CC9-C00AA433006C,51635.07813651103
1672534800,_DC88677C-83A6-4B9A-A05F-578B8D5850EB,911.6002599406556
1672534800,_76CBB3CE-2D4C-4392-A1CD-AAEBC2AB5FA5,455.8001299702709
1672534800,_B42011D9-38A0-4D06-8C84-49836267E66B,150000.0
1672534800,_50310945-A608-4A94-98A9-B6E45510F0BF,125000.0
1672535400,_5FBE0EB4-B59A-4F56-9CC9-C00AA433006C,6994.192031385303
1672535400,_DC88677C-83A6-4B9A-A05F-578B8D5850EB,1.8201249686740084
1672535400,_76CBB3CE-2D4C-4392-A1CD-AAEBC2AB5FA5,0.9100624826601234
1672535400,_B42011D9-38A0-4D06-8C84-49836267E66B,150000.0
1672535400,_50310945-A608-4A94-98A9-B6E45510F0BF,125000.0
1672536000,_5FBE0EB4-B59A-4F56-9CC9-C00AA433006C,-1217.767050281121
1672536000,_DC88677C-83A6-4B9A-A05F-578B8D5850EB,-68.896224271775
1672536000,_76CBB3CE-2D4C-4392-A1CD-AAEBC2AB5FA5,-34.44811213504373
1672536000,_B42011D9-38A0-4D06-8C84-49836267E66B,-0.0
1672536000,_50310945-A608-4A94-98A9-B6E45510F0BF,-7.704947790898586e-11
1672536600,_5FBE0EB4-B59A-4F56-9CC9-C00AA433006C,-649.3939128078274
1672536600,_DC88677C-83A6-4B9A-A05F-578B8D5850EB,-25.955157893742253
1672536600,_76CBB3CE-2D4C-4392-A1CD-AAEBC2AB5FA5,-12.97757894653806
1672536600,_B42011D9-38A0-4D06-8C84-49836267E66B,-0.0
1672536600,_50310945-A608-4A94-98A9-B6E45510F0BF,-5.3290705182007514e-11
1672537200,_5FBE0EB4-B59A-4F56-9CC9-C00AA433006C,-223.62352394150741
1672537200,_DC88677C-83A6-4B9A-A05F-578B8D5850EB,-8.80525047202152
1672537200,_76CBB3CE-2D4C-4392-A1CD-AAEBC2AB5FA5,-4.4026252357554085
1672537200,_B42011D9-38A0-4D06-8C84-49836267E66B,-0.0
1672537200,_50310945-A608-4A94-98A9-B6E45510F0BF,-7.682743330406083e-11
1672537800,_5FBE0EB4-B59A-4F56-9CC9-C00AA433006C,-50.13801584133337
1672537800,_DC88677C-83A6-4B9A-A05F-578B8D5850EB,-1.9485266319119177
1672537800,_76CBB3CE-2D4C-4392-A1CD-AAEBC2AB5FA5,-0.9742633158449365
1672537800,_B42011D9-38A0-4D06-8C84-49836267E66B,-0.0
1672537800,_50310945-A608-4A94-98A9-B6E45510F0BF,-3.9745984281580604e-11
1672538400,_5FBE0EB4-B59A-4F56-9CC9-C00AA433006C,-9.655121187390758
1672538400,_DC88677C-83A6-4B9A-A05F-578B8D5850EB,-0.3700041655729791
1672538400,_76CBB3CE-2D4C-4392-A1CD-AAEBC2AB5FA5,-0.18500208267546725
1672538400,_B42011D9-38A0-4D06-8C84-49836267E66B,-0.0
1672538400,_50310945-A608-4A94-98A9-B6E45510F0BF,-5.906386491005833e-11
1672539000,_5FBE0EB4-B59A-4F56-9CC9-C00AA433006C,-0.7040714053072605
1672539000,_DC88677C-83A6-4B9A-A05F-578B8D5850EB,-0.025187475838350792
1672539000,_76CBB3CE-2D4C-4392-A1CD-AAEBC2AB5FA5,-0.012593737741539712
1672539000,_B42011D9-38A0-4D06-8C84-49836267E66B,0.0
1672539000,_50310945-A608-4A94-98A9-B6E45510F0BF,0.0
1672539600,_5FBE0EB4-B59A-4F56-9CC9-C00AA433006C,0.34508952414569194
1672539600,_DC88677C-83A6-4B9A-A05F-578B8D5850EB,0.013971018404390634
1672539600,_76CBB3CE-2D4C-4392-A1CD-AAEBC2AB5FA5,0.006985509500623266
1672539600,_B42011D9-38A0-4D06-8C84-49836267E66B,150000.0
1672539600,_50310945-A608-4A94-98A9-B6E45510F0BF,99433.92726531901
1672540200,_5FBE0EB4-B59A-4F56-9CC9-C00AA433006C,0.14149910327887483
1672540200,_DC88677C-83A6-4B9A-A05F-578B8D5850EB,0.005628004259961017
1672540200,_76CBB3CE-2D4C-4392-A1CD-AAEBC2AB5FA5,0.0028140023147216198
1672540200,_B42011D9-38A0-4D06-8C84-49836267E66B,150000.0
1672540200,_50310945-A608-4A94-98A9-B6E45510F0BF,33416.72361016928
1672540800,_5FBE0EB4-B59A-4F56-9CC9-C00AA433006C,0.039179292749214056
1672540800,_DC88677C-83A6-4B9A-A05F-578B8D5850EB,0.0015516113762714667
1672540800,_76CBB3CE-2D4C-4392-A1CD-AAEBC2AB5FA5,0.0007758058195861395
1672540800,_B42011D9-38A0-4D06-8C84-49836267E66B,54266.24432459592
1672540800,_50310945-A608-4A94-98A9-B6E45510F0BF,8578.416326617984
1672541400,_5FBE0EB4-B59A-4F56-9CC9-C00AA433006C,0.005976825375619832
1672541400,_DC88677C-83A6-4B9A-A05F-578B8D5850EB,0.0002351802752542653
1672541400,_76CBB3CE-2D4C-4392-A1CD-AAEBC2AB5FA5,0.00011759020424051414
1672541400,_B42011D9-38A0-4D06-8C84-49836267E66B,10661.23380540318
1672541400,_50310945-A608-4A94-98A9-B6E45510F0BF,1135.0542015306498
1672542000,_5FBE0EB4-B59A-4F56-9CC9-C00AA433006C,0.0009441675774546354
1672542000,_DC88677C-83A6-4B9A-A05F-578B8D5850EB,3.686837501959417e-05
1672542000,_76CBB3CE-2D4C-4392-A1CD-AAEBC2AB5FA5,1.843396546519216e-05
1672542000,_B42011D9-38A0-4D06-8C84-49836267E66B,2105.241290194286
1672542000,_50310945-A608-4A94-98A9-B6E45510F0BF,146.35768228276902
1672542600,_5FBE0EB4-B59A-4F56-9CC9-C00AA433006C,0.0002469661142256996
1672542600,_DC88677C-83A6-4B9A-A05F-578B8D5850EB,9.625233943211242e-06
1672542600,_76CBB3CE-2D4C-4392-A1CD-AAEBC2AB5FA5,4.8124171314611885e-06
1672542600,_B42011D9-38A0-4D06-8C84-49836267E66B,577.3841157092834
1672542600,_50310945-A608-4A94-98A9-B6E45510F0BF,36.13861000826546
1672543200,_5FBE0EB4-B59A-4F56-9CC9-C00AA433006C,5.426442628575501e-05
1672543200,_DC88677C-83A6-4B9A-A05F-578B8D5850EB,2.112443553414778e-06
1672543200,_76CBB3CE-2D4C-4392-A1CD-AAEBC2AB5FA5,1.055999732102464e-06
1672543200,_B42011D9-38A0-4D06-8C84-49836267E66B,130.3020068748011
1672543200,_50310945-A608-4A94-98A9-B6E45510F0BF,7.659991960736079
1672543800,_5FBE0EB4-B59A-4F56-9CC9-C00AA433006C,1.1670747701586492e-05
1672543800,_DC88677C-83A6-4B9A-A05F-578B8D5850EB,4.54170034913659e-07
1672543800,_76CBB3CE-2D4C-4392-A1CD-AAEBC2AB5FA5,2.26973995154367e-07
1672543800,_B42011D9-38A0-4D06-8C84-49836267E66B,28.46614805483072
1672543800,_50310945-A608-4A94-98A9-B6E45510F0BF,1.6110203902570674
1672544400,_5FBE0EB4-B59A-4F56-9CC9-C00AA433006C,1.4576673201815993e-06
1672544400,_DC88677C-83A6-4B9A-A05F-578B8D5850EB,5.6821214400315505e-08
1672544400,_76CBB3CE-2D4C-4392-A1CD-AAEBC2AB5FA5,2.8466118351389014e-08
1672544400,_B42011D9-38A0-4D06-8C84-49836267E66B,3.6635013807457817
1672544400,_50310945-A608-4A94-98A9-B6E45510F0BF,0.19237005460581713
1672545000,_5FBE0EB4-B59A-4F56-9CC9-C00AA433006C,1.3514189767249718e-07
1672545000,_DC88677C-83A6-4B9A-A05F-578B8D5850EB,5.46229728115577e-09
1672545000,_76CBB3CE-2D4C-4392-A1CD-AAEBC2AB5FA5,2.575717417130363e-09
1672545000,_B42011D9-38A0-4D06-8C84-49836267E66B,0.3671145081740601
1672545000,_50310945-A608-4A94-98A9-B6E45510F0BF,0.015567480303957382
1672545600,_5FBE0EB4-B59A-4F56-9CC9-C00AA433006C,-4.905986727976597e-08
1672545600,_DC88677C-83A6-4B9A-A05F-578B8D5850EB,-2.065014825802791e-09
1672545600,_76CBB3CE-2D4C-4392-A1CD-AAEBC2AB5FA5,-9.769962616701378e-10
1672545600,_B42011D9-38A0-4D06-8C84-49836267E66B,-0.11305465147382066
1672545600,_50310945-A608-4A94-98A9-B6E45510F0BF,-0.007367500387545078
1672546200,_5FBE0EB4-B59A-4F56-9CC9-C00AA433006C,-1.8984813721090177e-08
1672546200,_DC88677C-83A6-4B9A-A05F-578B8D5850EB,-7.993605777301127e-10
1672546200,_76CBB3CE-2D4C-4392-A1CD-AAEBC2AB5FA5,-5.329070518200751e-10
1672546200,_B42011D9-38A0-4D06-8C84-49836267E66B,-0.043355009415879664
1672546200,_50310945-A608-4A94-98A9-B6E45510F0BF,-0.0027586804081103367
1672546800,_5FBE0EB4-B59A-4F56-9CC9-C00AA433006C,-5.300648808770347e-09
1672546800,_DC88677C-83A6-4B9A-A05F-578B8D5850EB,-1.3322676295501878e-10
1672546800,_76CBB3CE-2D4C-4392-A1CD-AAEBC2AB5FA5,-8.881784197001252e-11
1672546800,_B42011D9-38A0-4D06-8C84-49836267E66B,-0.012531475301891248
1672546800,_50310945-A608-4A94-98A9-B6E45510F0BF,-0.0007907868804224449
1672547400,_5FBE0EB4-B59A-4F56-9CC9-C00AA433006C,-2.0816681711721685e-09
1672547400,_DC88677C-83A6-4B9A-A05F-578B8D5850EB,-1.3322676295501878e-10
1672547400,_76CBB3CE-2D4C-4392-A1CD-AAEBC2AB5FA5,-8.881784197001252e-11
1672547400,_B42011D9-38A0-4D06-8C84-49836267E66B,-0.004352624372039315
1672547400,_50310945-A608-4A94-98A9-B6E45510F0BF,-0.000274643624509352
1672548000,_5FBE0EB4-B59A-4F56-9CC9-C00AA433006C,-2.498001805406602e-10
1672548000,_DC88677C-83A6-4B9A-A05F-578B8D5850EB,-1.3322676295501878e-10
1672548000,_76CBB3CE-2D4C-4392-A1CD-AAEBC2AB5FA5,-8.881784197001252e-11
1672548000,_B42011D9-38A0-4D06-8C84-49836267E66B,-0.0009740724893347874
1672548000,_50310945-A608-4A94-98A9-B6E45510F0BF,-6.145769737564422e-05
1672548600,_5FBE0EB4-B59A-4F56-9CC9-C00AA433006C,-1.2079226507921703e-10
1672548600,_DC88677C-83A6-4B9A-A05F-578B8D5850EB,-1.3322676295501878e-10
1672548600,_76CBB3CE-2D4C-4392-A1CD-AAEBC2AB5FA5,-8.881784197001252e-11
1672548600,_B42011D9-38A0-4D06-8C84-49836267E66B,-0.00031164476554934595
1672548600,_50310945-A608-4A94-98A9-B6E45510F0BF,-1.966243834417014e-05
1672549200,_5FBE0EB4-B59A-4F56-9CC9-C00AA433006C,-2.4069635173873394e-10
1672549200,_DC88677C-83A6-4B9A-A05F-578B8D5850EB,-1.3322676295501878e-10
1672549200,_76CBB3CE-2D4C-4392-A1CD-AAEBC2AB5FA5,-8.881784197001252e-11
1672549200,_B42011D9-38A0-4D06-8C84-49836267E66B,-6.530026519513399e-05
1672549200,_50310945-A608-4A94-98A9-B6E45510F0BF,-4.120093155535187e-06
1672549800,_5FBE0EB4-B59A-4F56-9CC9-C00AA433006C,-2.498001805406602e-10
1672549800,_DC88677C-83A6-4B9A-A05F-578B8D5850EB,-1.3322676295501878e-10
1672549800,_76CBB3CE-2D4C-4392-A1CD-AAEBC2AB5FA5,-8.881784197001252e-11
1672549800,_B42011D9-38A0-4D06-8C84-49836267E66B,2.491501449597422e-05
1672549800,_50310945-A608-4A94-98A9-B6E45510F0BF,1.5715346801670194e-06
1672550400,_5FBE0EB4-B59A-4F56-9CC9-C00AA433006C,-2.4424906541753444e-10
1672550400,_DC88677C-83A6-4B9A-A05F-578B8D5850EB,-1.3322676295501878e-10
1672550400,_76CBB3CE-2D4C-4392-A1CD-AAEBC2AB5FA5,-8.881784197001252e-11
1672550400,_B42011D9-38A0-4D06-8C84-49836267E66B,1.412464589733986e-05
1672550400,_50310945-A608-4A94-98A9-B6E45510F0BF,8.910094884129194e-07
1672551000,_5FBE0EB4-B59A-4F56-9CC9-C00AA433006C,-2.498001805406602e-10
1672551000,_DC88677C-83A6-4B9A-A05F-578B8D5850EB,-1.3322676295501878e-10
1672551000,_76CBB3CE-2D4C-4392-A1CD-AAEBC2AB5FA5,-8.881784197001252e-11
1672551000,_B42011D9-38A0-4D06-8C84-49836267E66B,3.655242775124634e-06
1672551000,_50310945-A608-4A94-98A9-B6E45510F0BF,2.3024937512161614e-07
1672551600,_5FBE0EB4-B59A-4F56-9CC9-C00AA433006C,-2.498001805406602e-10
1672551600,_DC88677C-83A6-4B9A-A05F-578B8D5850EB,-1.3322676295501878e-10
1672551600,_76CBB3CE-2D4C-4392-A1CD-AAEBC2AB5FA5,-8.881784197001252e-11
1672551600,_B42011D9-38A0-4D06-8C84-49836267E66B,5.715428130770306e-07
1672551600,_50310945-A608-4A94-98A9-B6E45510F0BF,3.5675684628699855e-08
1672552200,_5FBE0EB4-B59A-4F56-9CC9-C00AA433006C,-2.446931546273845e-10
1672552200,_DC88677C-83A6-4B9A-A05F-578B8D5850EB,-1.3322676295501878e-10
1672552200,_76CBB3CE-2D4C-4392-A1CD-AAEBC2AB5FA5,-8.881784197001252e-11
1672552200,_B42011D9-38A0-4D06-8C84-49836267E66B,1.66644475996236e-07
1672552200,_50310945-A608-4A94-98A9-B6E45510F0BF,1.049160758270773e-08
1672552800,_5FBE0EB4-B59A-4F56-9CC9-C00AA433006C,-2.498001805406602e-10
1672552800,_DC88677C-83A6-4B9A-A05F-578B8D5850EB,-1.3322676295501878e-10
1672552800,_76CBB3CE-2D4C-4392-A1CD-AAEBC2AB5FA5,-8.881784197001252e-11
1672552800,_B42011D9-38A0-4D06-8C84-49836267E66B,5.057065877167588e-08
1672552800,_50310945-A608-4A94-98A9-B6E45510F0BF,3.106626067506113e-09
1672553400,_5FBE0EB4-B59A-4F56-9CC9-C00AA433006C,-2.498001805406602e-10
1672553400,_DC88677C-83A6-4B9A-A05F-578B8D5850EB,-1.3322676295501878e-10
1672553400,_76CBB3CE-2D4C-4392-A1CD-AAEBC2AB5FA5,-8.881784197001252e-11
1672553400,_B42011D9-38A0-4D06-8C84-49836267E66B,1.6042722705833512e-08
1672553400,_50310945-A608-4A94-98A9-B6E45510F0BF,8.000267115448878e-10
1672554000,_5FBE0EB4-B59A-4F56-9CC9-C00AA433006C,-1.580957587066223e-10
1672554000,_DC88677C-83A6-4B9A-A05F-578B8D5850EB,-1.3322676295501878e-10
1672554000,_76CBB3CE-2D4C-4392-A1CD-AAEBC2AB5FA5,-8.881784197001252e-11
1672554000,_B42011D9-38A0-4D06-8C84-49836267E66B,2.942091015256665e-09
1672554000,_50310945-A608-4A94-98A9-B6E45510F0BF,1.6653345369377348e-10
1672554600,_5FBE0EB4-B59A-4F56-9CC9-C00AA433006C,-1.1102230246251565e-10
1672554600,_DC88677C-83A6-4B9A-A05F-578B8D5850EB,-1.3322676295501878e-10
1672554600,_76CBB3CE-2D4C-4392-A1CD-AAEBC2AB5FA5,-8.881784197001252e-11
1672554600,_B42011D9-38A0-4D06-8C84-49836267E66B,1.6653345369377348e-10
1672554600,_50310945-A608-4A94-98A9-B6E45510F0BF,1.6653345369377348e-10
1672555200,_5FBE0EB4-B59A-4F56-9CC9-C00AA433006C,-1.1102230246251565e-10
1672555200,_DC88677C-83A6-4B9A-A05F-578B8D5850EB,-1.3322676295501878e-10
1672555200,_76CBB3CE-2D4C-4392-A1CD-AAEBC2AB5FA5,-8.881784197001252e-11
1672555200,_B42011D9-38A0-4D06-8C84-49836267E66B,1.6653345369377348e-10
1672555200,_50310945-A608-4A94-98A9-B6E45510F0BF,1.6653345369377348e-10
1672555800,_5FBE0EB4-B59A-4F56-9CC9-C00AA433006C,-1.1102230246251565e-10
1672555800,_DC88677C-83A6-4B9A-A05F-578B8D5850EB,-1.3322676295501878e-10
1672555800,_76CBB3CE-2D4C-4392-A1CD-AAEBC2AB5FA5,-8.881784197001252e-11
1672555800,_B42011D9-38A0-4D06-8C84-49836267E66B,1.6653345369377348e-10
1672555800,_50310945-A608-4A94-98A9-B6E45510F0BF,1.6653345369377348e-10
1672556400,_5FBE0EB4-B59A-4F56-9CC9-C00AA433006C,-1.1102230246251565e-10
1672556400,_DC88677C-83A6-4B9A-A05F-578B8D5850EB,-1.3322676295501878e-10
1672556400,_76CBB3CE-2D4C-4392-A1CD-AAEBC2AB5FA5,-8.881784197001252e-11
1672556400,_B42011D9-38A0-4D06-8C84-49836267E66B,1.6653345369377348e-10
1672556400,_50310945-A608-4A94-98A9-B6E45510F0BF,1.6653345369377348e-10
1672557000,_5FBE0EB4-B59A-4F56-9CC9-C00AA433006C,-1.1102230246251565e-10
1672557000,_DC88677C-83A6-4B9A-A05F-578B8D5850EB,-1.3322676295501878e-10
1672557000,_76CBB3CE-2D4C-4392-A1CD-AAEBC2AB5FA5,-8.881784197001252e-11
1672557000,_B42011D9-38A0-4D06-8C84-49836267E66B,1.6653345369377348e-10
1672557000,_50310945-A608-4A94-98A9-B6E45510F0BF,1.6653345369377348e-10
1672557600,_5FBE0EB4-B59A-4F56-9CC9-C00AA433006C,-1.1102230246251565e-10
1672557600,_DC88677C-83A6-4B9A-A05F-578B8D5850EB,-1.3322676295501878e-10
1672557600,_76CBB3CE-2D4C-4392-A1CD-AAEBC2AB5FA5,-8.881784197001252e-11
1672557600,_B42011D9-38A0-4D06-8C84-49836267E66B,1.6653345369377348e-10
1672557600,_50310945-A608-4A94-98A9-B6E45510F0BF,1.6653345369377348e-10
1672558200,_5FBE0EB4-B59A-4F56-9CC9-C00AA433006C,-1.1102230246251565e-10
1672558200,_DC88677C-83A6-4B9A-A05F-578B8D5850EB,-1.3322676295501878e-10
1672558200,_76CBB3CE-2D4C-4392-A1CD-AAEBC2AB5FA5,-8.881784197001252e-11
1672558200,_B42011D9-38A0-4D06-8C84-49836267E66B,1.6653345369377348e-10
1672558200,_50310945-A608-4A94-98A9-B6E45510F0BF,1.6653345369377348e-10
1672558800,_5FBE0EB4-B59A-4F56-9CC9-C00AA433006C,-2.498001805406602e-10
1672558800,_DC88677C-83A6-4B9A-A05F-578B8D5850EB,-1.3322676295501878e-10
1672558800,_76CBB3CE-2D4C-4392-A1CD-AAEBC2AB5FA5,-8.881784197001252e-11
1672558800,_B42011D9-38A0-4D06-8C84-49836267E66B,1.6653345369377348e-10
1672558800,_50310945-A608-4A94-98A9-B6E45510F0BF,1.34781075189494e-10
1672559400,_5FBE0EB4-B59A-4F56-9CC9-C00AA433006C,-1.1102230246251565e-10
1672559400,_DC88677C-83A6-4B9A-A05F-578B8D5850EB,-1.3322676295501878e-10
1672559400,_76CBB3CE-2D4C-4392-A1CD-AAEBC2AB5FA5,-8.881784197001252e-11
1672559400,_B42011D9-38A0-4D06-8C84-49836267E66B,1.6653345369377348e-10
1672559400,_50310945-A608-4A94-98A9-B6E45510F0BF,1.6653345369377348e-10
1672560000,_5FBE0EB4-B59A-4F56-9CC9-C00AA433006C,-1.1102230246251565e-10
1672560000,_DC88677C-83A6-4B9A-A05F-578B8D5850EB,-1.3322676295501878e-10
1672560000,_76CBB3CE-2D4C-4392-A1CD-AAEBC2AB5FA5,-8.881784197001252e-11
1672560000,_B42011D9-38A0-4D06-8C84-49836267E66B,1.6653345369377348e-10
1672560000,_50310945-A608-4A94-98A9-B6E45510F0BF,1.6653345369377348e-10
1672560600,_5FBE0EB4-B59A-4F56-9CC9-C00AA433006C,-1.1102230246251565e-10
1672560600,_DC88677C-83A6-4B9A-A05F-578B8D5850EB,-1.3322676295501878e-10
1672560600,_76CBB3CE-2D4C-4392-A1CD-AAEBC2AB5FA5,-8.881784197001252e-11
1672560600,_B42011D9-38A0-4D06-8C84-49836267E66B,1.6653345369377348e-10
1672560600,_50310945-A608-4A94-98A9-B6E45510F0BF,1.6653345369377348e-10
1672561200,_5FBE0EB4-B59A-4F56-9CC9-C00AA433006C,-1.1102230246251565e-10
1672561200,_DC88677C-83A6-4B9A-A05F-578B8D5850EB,-1.3322676295501878e-10
1672561200,_76CBB3CE-2D4C-4392-A1CD-AAEBC2AB5FA5,-8.881784197001252e-11
1672561200,_B42011D9-38A0-4D06-8C84-49836267E66B,1.6653345369377348e-10
1672561200,_50310945-A608-4A94-98A9-B6E45510F0BF,1.6653345369377348e-10
1672561800,_5FBE0EB4-B59A-4F56-9CC9-C00AA433006C,-1.1102230246251565e-10
1672561800,_DC88677C-83A6-4B9A-A05F-578B8D5850EB,-1.3322676295501878e-10
1672561800,_76CBB3CE-2D4C-4392-A1CD-AAEBC2AB5FA5,-8.881784197001252e-11
1672561800,_B42011D9-38A0-4D06-8C84-49836267E66B,1.6653345369377348e-10
1672561800,_50310945-A608-4A94-98A9-B6E45510F0BF,1.6653345369377348e-10
1672562400,_5FBE0EB4-B59A-4F56-9CC9-C00AA433006C,-1.1102230246251565e-10
1672562400,_DC88677C-83A6-4B9A-A05F-578B8D5850EB,-1.3322676295501878e-10
1672562400,_76CBB3CE-2D4C-4392-A1CD-AAEBC2AB5FA5,-8.881784197001252e-11
1672562400,_B42011D9-38A0-4D06-8C84-49836267E66B,1.6653345369377348e-10
1672562400,_50310945-A608-4A94-98A9-B6E45510F0BF,1.6653345369377348e-10
1672563000,_5FBE0EB4-B59A-4F56-9CC9-C00AA433006C,-1.1102230246251565e-10
1672563000,_DC88677C-83A6-4B9A-A05F-578B8D5850EB,-1.3322676295501878e-10
1672563000,_76CBB3CE-2D4C-4392-A1CD-AAEBC2AB5FA5,-8.881784197001252e-11
1672563000,_B42011D9-38A0-4D06-8C84-49836267E66B,1.6653345369377348e-10
1672563000,_50310945-A608-4A94-98A9-B6E45510F0BF,1.6653345369377348e-10
1672563600,_5FBE0EB4-B59A-4F56-9CC9-C00AA433006C,-1.1102230246251565e-10
1672563600,_DC88677C-83A6-4B9A-A05F-578B8D5850EB,-1.3322676295501878e-10
1672563600,_76CBB3CE-2D4C-4392-A1CD-AAEBC2AB5FA5,-8.881784197001252e-11
1672563600,_B42011D9-38A0-4D06-8C84-49836267E66B,1.6653345369377348e-10
1672563600,_50310945-A608-4A94-98A9-B6E45510F0BF,1.6653345369377348e-10
1672564200,_5FBE0EB4-B59A-4F56-9CC9-C00AA433006C,-1.1102230246251565e-10
1672564200,_DC88677C-83A6-4B9A-A05F-578B8D5850EB,-1.3322676295501878e-10
1672564200,_76CBB3CE-2D4C-4392-A1CD-AAEBC2AB5FA5,-8.881784197001252e-11
1672564200,_B42011D9-38A0-4D06-8C84-49836267E66B,1.6653345369377348e-10
1672564200,_50310945-A608-4A94-98A9-B6E45510F0BF,1.6653345369377348e-10
1672564800,_5FBE0EB4-B59A-4F56-9CC9-C00AA433006C,-1.1102230246251565e-10
1672564800,_DC88677C-83A6-4B9A-A05F-578B8D5850EB,-1.3322676295501878e-10
1672564800,_76CBB3CE-2D4C-4392-A1CD-AAEBC2AB5FA5,-8.881784197001252e-11
1672564800,_B42011D9-38A0-4D06-8C84-49836267E66B,1.6653345369377348e-10
1672564800,_50310945-A608-4A94-98A9-B6E45510F0BF,1.6653345369377348e-10
1672565400,_5FBE0EB4-B59A-4F56-9CC9-C00AA433006C,-2.498001805406602e-10
1672565400,_DC88677C-83A6-4B9A-A05F-578B8D5850EB,-1.3322676295501878e-10
1672565400,_76CBB3CE-2D4C-4392-A1CD-AAEBC2AB5FA5,-8.881784197001252e-11
1672565400,_B42011D9-38A0-4D06-8C84-49836267E66B,1.6653345369377348e-10
1672565400,_50310945-A608-4A94-98A9-B6E45510F0BF,1.34781075189494e-10
1672566000,_5FBE0EB4-B59A-4F56-9CC9-C00AA433006C,-2.498001805406602e-10
1672566000,_DC88677C-83A6-4B9A-A05F-578B8D5850EB,-1.3322676295501878e-10
1672566000,_76CBB3CE-2D4C-4392-A1CD-AAEBC2AB5FA5,-8.881784197001252e-11
1672566000,_B42011D9-38A0-4D06-8C84-49836267E66B,1.6653345369377348e-10
1672566000,_50310945-A608-4A94-98A9-B6E45510F0BF,1.34781075189494e-10
1672566600,_5FBE0EB4-B59A-4F56-9CC9-C00AA433006C,-2.498001805406602e-10
1672566600,_DC88677C-83A6-4B9A-A05F-578B8D5850EB,-1.3322676295501878e-10
1672566600,_76CBB3CE-2D4C-4392-A1CD-AAEBC2AB5FA5,-8.881784197001252e-11
1672566600,_B42011D9-38A0-4D06-8C84-49836267E66B,1.6653345369377348e-10
1672566600,_50310945-A608-4A94-98A9-B6E45510F0BF,1.34781075189494e-10
1672567200,_5FBE0EB4-B59A-4F56-9CC9-C00AA433006C,-2.498001805406602e-10
1672567200,_DC88677C-83A6-4B9A-A05F-578B8D5850EB,-1.3322676295501878e-10
1672567200,_76CBB3CE-2D4C-4392-A1CD-AAEBC2AB5FA5,-8.881784197001252e-11
1672567200,_B42011D9-38A0-4D06-8C84-49836267E66B,1.6653345369377348e-10
1672567200,_50310945-A608-4A94-98A9-B6E45510F0BF,1.34781075189494e-10
1672567800,_5FBE0EB4-B59A-4F56-9CC9-C00AA433006C,-2.498001805406602e-10
1672567800,_DC88677C-83A6-4B9A-A05F-578B8D5850EB,-1.3322676295501878e-10
1672567800,_76CBB3CE-2D4C-4392-A1CD-AAEBC2AB5FA5,-8.881784197001252e-11
1672567800,_B42011D9-38A0-4D06-8C84-49836267E66B,1.6653345369377348e-10
1672567800,_50310945-A608-4A94-98A9-B6E45510F0BF,1.34781075189494e-10
1672568400,_5FBE0EB4-B59A-4F56-9CC9-C00AA433006C,-2.498001805406602e-10
1672568400,_DC88677C-83A6-4B9A-A05F-578B8D5850EB,-1.3322676295501878e-10
1672568400,_76CBB3CE-2D4C-4392-A1CD-AAEBC2AB5FA5,-8.881784197001252e-11
1672568400,_B42011D9-38A0-4D06-8C84-49836267E66B,1.6653345369377348e-10
1672568400,_50310945-A608-4A94-98A9-B6E45510F0BF,1.34781075189494e-10
1672569000,_5FBE0EB4-B59A-4F56-9CC9-C00AA433006C,-2.498001805406602e-10
1672569000,_DC88677C-83A6-4B9A-A05F-578B8D5850EB,-1.3322676295501878e-10
1672569000,_76CBB3CE-2D4C-4392-A1CD-AAEBC2AB5FA5,-8.881784197001252e-11
1672569000,_B42011D9-38A0-4D06-8C84-49836267E66B,1.6653345369377348e-10
1672569000,_50310945-A608-4A94-98A9-B6E45510F0BF,1.34781075189494e-10
1672569600,_5FBE0EB4-B59A-4F56-9CC9-C00AA433006C,-2.498001805406602e-10
1672569600,_DC88677C-83A6-4B9A-A05F-578B8D5850EB,-1.3322676295501878e-10
1672569600,_76CBB3CE-2D4C-4392-A1CD-AAEBC2AB5FA5,-8.881784197001252e-11
1672569600,_B42011D9-38A0-4D06-8C84-49836267E66B,1.6653345369377348e-10
1672569600,_50310945-A608-4A94-98A9-B6E45510F0BF,1.34781075189494e-10
1672570200,_5FBE0EB4-B59A-4F56-9CC9-C00AA433006C,-2.498001805406602e-10
1672570200,_DC88677C-83A6-4B9A-A05F-578B8D5850EB,-1.3322676295501878e-10
1672570200,_76CBB3CE-2D4C-4392-A1CD-AAEBC2AB5FA5,-8.881784197001252e-11
1672570200,_B42011D9-38A0-4D06-8C84-49836267E66B,1.6653345369377348e-10
1672570200,_50310945-A608-4A94-98A9-B6E45510F0BF,1.34781075189494e-10
1672570800,_5FBE0EB4-B59A-4F56-9CC9-C00AA433006C,-2.498001805406602e-10
1672570800,_DC88677C-83A6-4B9A-A05F-578B8D5850EB,-1.3322676295501878e-10
1672570800,_76CBB3CE-2D4C-4392-A1CD-AAEBC2AB5FA5,-8.881784197001252e-11
1672570800,_B42011D9-38A0-4D06-8C84-49836267E66B,1.6653345369377348e-10
1672570800,_50310945-A608-4A94-98A9-B6E45510F0BF,1.34781075189494e-10
1672571400,_5FBE0EB4-B59A-4F56-9CC9-C00AA433006C,-2.498001805406602e-10
1672571400,_DC88677C-83A6-4B9A-A05F-578B8D5850EB,-1.3322676295501878e-10
1672571400,_76CBB3CE-2D4C-4392-A1CD-AAEBC2AB5FA5,-8.881784197001252e-11
1672571400,_B42011D9-38A0-4D06-8C84-49836267E66B,1.6653345369377348e-10
1672571400,_50310945-A608-4A94-98A9-B6E45510F0BF,1.34781075189494e-10
1672572000,_5FBE0EB4-B59A-4F56-9CC9-C00AA433006C,-2.498001805406602e-10
1672572000,_DC88677C-83A6-4B9A-A05F-578B8D5850EB,-1.3322676295501878e-10
1672572000,_76CBB3CE-2D4C-4392-A1CD-AAEBC2AB5FA5,-8.881784197001252e-11
1672572000,_B42011D9-38A0-4D06-8C84-49836267E66B,-149765.3354949999
1672572000,_50310945-A608-4A94-98A9-B6E45510F0BF,-125000.0
1672572600,_5FBE0EB4-B59A-4F56-9CC9-C00AA433006C,-55761.88277599962
1672572600,_DC88677C-83A6-4B9A-A05F-578B8D5850EB,-1.3322676295501878e-10
1672572600,_76CBB3CE-2D4C-4392-A1CD-AAEBC2AB5FA5,-100000.0
1672572600,_B42011D9-38A0-4D06-8C84-49836267E66B,-150000.0
1672572600,_50310945-A608-4A94-98A9-B6E45510F0BF,0.0
1672573200,_5FBE0EB4-B59A-4F56-9CC9-C00AA433006C,-250000.0
1672573200,_DC88677C-83A6-4B9A-A05F-578B8D5850EB,-1.3322676295501878e-10
1672573200,_76CBB3CE-2D4C-4392-A1CD-AAEBC2AB5FA5,-0.0
1672573200,_B42011D9-38A0-4D06-8C84-49836267E66B,-92100.45429199982
1672573200,_50310945-A608-4A94-98A9-B6E45510F0BF,-0.0
1672573800,_5FBE0EB4-B59A-4F56-9CC9-C00AA433006C,-250000.0000000001
1672573800,_DC88677C-83A6-4B9A-A05F-578B8D5850EB,-77220.65710700047
1672573800,_76CBB3CE-2D4C-4392-A1CD-AAEBC2AB5FA5,0.0
1672573800,_B42011D9-38A0-4D06-8C84-49836267E66B,0.0
1672573800,_50310945-A608-4A94-98A9-B6E45510F0BF,0.0
1672574400,_5FBE0EB4-B59A-4F56-9CC9-C00AA433006C,-95524.09726600001
1672574400,_DC88677C-83A6-4B9A-A05F-578B8D5850EB,-200000.0
1672574400,_76CBB3CE-2D4C-4392-A1CD-AAEBC2AB5FA5,-0.0
1672574400,_B42011D9-38A0-4D06-8C84-49836267E66B,-150000.0
1672574400,_50310945-A608-4A94-98A9-B6E45510F0BF,-0.0
1672575000,_5FBE0EB4-B59A-4F56-9CC9-C00AA433006C,-179871.64797699984
1672575000,_DC88677C-83A6-4B9A-A05F-578B8D5850EB,-200000.00000000006
1672575000,_76CBB3CE-2D4C-4392-A1CD-AAEBC2AB5FA5,-100000.0
1672575000,_B42011D9-38A0-4D06-8C84-49836267E66B,-150000.0
1672575000,_50310945-A608-4A94-98A9-B6E45510F0BF,-125000.0
1672575600,_5FBE0EB4-B59A-4F56-9CC9-C00AA433006C,-250000.0
1672575600,_DC88677C-83A6-4B9A-A05F-578B8D5850EB,-200000.0
1672575600,_76CBB3CE-2D4C-4392-A1CD-AAEBC2AB5FA5,-100000.0
1672575600,_B42011D9-38A0-4D06-8C84-49836267E66B,-150000.0
1672575600,_50310945-A608-4A94-98A9-B6E45510F0BF,-125000.0
1672576200,_5FBE0EB4-B59A-4F56-9CC9-C00AA433006C,-195071.4192640001
1672576200,_DC88677C-83A6-4B9A-A05F-578B8D5850EB,-200000.0
1672576200,_76CBB3CE-2D4C-4392-A1CD-AAEBC2AB5FA5,-100000.0
1672576200,_B42011D9-38A0-4D06-8C84-49836267E66B,-150000.0
1672576200,_50310945-A608-4A94-98A9-B6E45510F0BF,-125000.0
1672576800,_5FBE0EB4-B59A-4F56-9CC9-C00AA433006C,-212307.64174899925
1672576800,_DC88677C-83A6-4B9A-A05F-578B8D5850EB,-200000.0
1672576800,_76CBB3CE-2D4C-4392-A1CD-AAEBC2AB5FA5,-100000.0
1672576800,_B42011D9-38A0-4D06-8C84-49836267E66B,-0.0
1672576800,_50310945-A608-4A94-98A9-B6E45510F0BF,-125000.0
1672577400,_5FBE0EB4-B59A-4F56-9CC9-C00AA433006C,-162492.037714
1672577400,_DC88677C-83A6-4B9A-A05F-578B8D5850EB,-200000.0
1672577400,_76CBB3CE-2D4C-4392-A1CD-AAEBC2AB5FA5,-100000.0
1672577400,_B42011D9-38A0-4D06-8C84-49836267E66B,-0.0
1672577400,_50310945-A608-4A94-98A9-B6E45510F0BF,-125000.0
1672578000,_5FBE0EB4-B59A-4F56-9CC9-C00AA433006C,-161684.29300000035
1672578000,_DC88677C-83A6-4B9A-A05F-578B8D5850EB,-200000.0
1672578000,_76CBB3CE-2D4C-4392-A1CD-AAEBC2AB5FA5,-100000.0
1672578000,_B42011D9-38A0-4D06-8C84-49836267E66B,-0.0
1672578000,_50310945-A608-4A94-98A9-B6E45510F0BF,-125000.0
1672578600,_5FBE0EB4-B59A-4F56-9CC9-C00AA433006C,-192852.14040799983
1672578600,_DC88677C-83A6-4B9A-A05F-578B8D5850EB,-200000.0
1672578600,_76CBB3CE-2D4C-4392-A1CD-AAEBC2AB5FA5,-0.0
1672578600,_B42011D9-38A0-4D06-8C84-49836267E66B,-0.0
1672578600,_50310945-A608-4A94-98A9-B6E45510F0BF,-125000.0
1672579200,_5FBE0EB4-B59A-4F56-9CC9-C00AA433006C,0.0
1672579200,_DC88677C-83A6-4B9A-A05F-578B8D5850EB,-200000.0
1672579200,_76CBB3CE-2D4C-4392-A1CD-AAEBC2AB5FA5,0.0
1672579200,_B42011D9-38A0-4D06-8C84-49836267E66B,-150000.0
1672579200,_50310945-A608-4A94-98A9-B6E45510F0BF,-83444.2706229996
1672579800,_5FBE0EB4-B59A-4F56-9CC9-C00AA433006C,-0.0
1672579800,_DC88677C-83A6-4B9A-A05F-578B8D5850EB,-161132.72401299977
1672579800,_76CBB3CE-2D4C-4392-A1CD-AAEBC2AB5FA5,-0.0
1672579800,_B42011D9-38A0-4D06-8C84-49836267E66B,-0.0
1672579800,_50310945-A608-4A94-98A9-B6E45510F0BF,-125000.0
1672580400,_5FBE0EB4-B59A-4F56-9CC9-C00AA433006C,-0.0
1672580400,_DC88677C-83A6-4B9A-A05F-578B8D5850EB,-113476.07757999992
1672580400,_76CBB3CE-2D4C-4392-A1CD-AAEBC2AB5FA5,-0.0
1672580400,_B42011D9-38A0-4D06-8C84-49836267E66B,-0.0
1672580400,_50310945-A608-4A94-98A9-B6E45510F0BF,-125000.0
1672581000,_5FBE0EB4-B59A-4F56-9CC9-C00AA433006C,-0.0
1672581000,_DC88677C-83A6-4B9A-A05F-578B8D5850EB,-187522.82970900048
1672581000,_76CBB3CE-2D4C-4392-A1CD-AAEBC2AB5FA5,-0.0
1672581000,_B42011D9-38A0-4D06-8C84-49836267E66B,-0.0
1672581000,_50310945-A608-4A94-98A9-B6E45510F0BF,-0.0
1672581600,_5FBE0EB4-B59A-4F56-9CC9-C00AA433006C,-156582.17707799963
1672581600,_DC88677C-83A6-4B9A-A05F-578B8D5850EB,8.526512829121202e-11
1672581600,_76CBB3CE-2D4C-4392-A1CD-AAEBC2AB5FA5,-0.0
1672581600,_B42011D9-38A0-4D06-8C84-49836267E66B,-0.0
1672581600,_50310945-A608-4A94-98A9-B6E45510F0BF,-0.0
1672582200,_5FBE0EB4-B59A-4F56-9CC9-C00AA433006C,0.0
1672582200,_DC88677C-83A6-4B9A-A05F-578B8D5850EB,-0.0
1672582200,_76CBB3CE-2D4C-4392-A1CD-AAEBC2AB5FA5,-86244.47664899958
1672582200,_B42011D9-38A0-4D06-8C84-49836267E66B,0.0
1672582200,_50310945-A608-4A94-98A9-B6E45510F0BF,0.0
1672582800,_5FBE0EB4-B59A-4F56-9CC9-C00AA433006C,-0.0
1672582800,_DC88677C-83A6-4B9A-A05F-578B8D5850EB,25742.02395000006
1672582800,_76CBB3CE-2D4C-4392-A1CD-AAEBC2AB5FA5,-0.0
1672582800,_B42011D9-38A0-4D06-8C84-49836267E66B,-0.0
1672582800,_50310945-A608-4A94-98A9-B6E45510F0BF,-0.0
1672583400,_5FBE0EB4-B59A-4F56-9CC9-C00AA433006C,0.0
1672583400,_DC88677C-83A6-4B9A-A05F-578B8D5850EB,0.0
1672583400,_76CBB3CE-2D4C-4392-A1CD-AAEBC2AB5FA5,87146.1212529998
1672583400,_B42011D9-38A0-4D06-8C84-49836267E66B,-0.0
1672583400,_50310945-A608-4A94-98A9-B6E45510F0BF,125000.0
1672584000,_5FBE0EB4-B59A-4F56-9CC9-C00AA433006C,-0.0
1672584000,_DC88677C-83A6-4B9A-A05F-578B8D5850EB,198562.12245899986
1672584000,_76CBB3CE-2D4C-4392-A1CD-AAEBC2AB5FA5,-0.0
1672584000,_B42011D9-38A0-4D06-8C84-49836267E66B,-0.0
1672584000,_50310945-A608-4A94-98A9-B6E45510F0BF,-0.0
1672584600,_5FBE0EB4-B59A-4F56-9CC9-C00AA433006C,0.0
1672584600,_DC88677C-83A6-4B9A-A05F-578B8D5850EB,-0.0
1672584600,_76CBB3CE-2D4C-4392-A1CD-AAEBC2AB5FA5,100000.0
1672584600,_B42011D9-38A0-4D06-8C84-49836267E66B,36559.78303500072
1672584600,_50310945-A608-4A94-98A9-B6E45510F0BF,125000.0
1672585200,_5FBE0EB4-B59A-4F56-9CC9-C00AA433006C,-0.0
1672585200,_DC88677C-83A6-4B9A-A05F-578B8D5850EB,146584.03191100006
1672585200,_76CBB3CE-2D4C-4392-A1CD-AAEBC2AB5FA5,0.0
1672585200,_B42011D9-38A0-4D06-8C84-49836267E66B,0.0
1672585200,_50310945-A608-4A94-98A9-B6E45510F0BF,125000.0
1672585800,_5FBE0EB4-B59A-4F56-9CC9-C00AA433006C,250000.0
1672585800,_DC88677C-83A6-4B9A-A05F-578B8D5850EB,110321.34809899962
1672585800,_76CBB3CE-2D4C-4392-A1CD-AAEBC2AB5FA5,-0.0
1672585800,_B42011D9-38A0-4D06-8C84-49836267E66B,-0.0
1672585800,_50310945-A608-4A94-98A9-B6E45510F0BF,-0.0
1672586400,_5FBE0EB4-B59A-4F56-9CC9-C00AA433006C,250000.0
1672586400,_DC88677C-83A6-4B9A-A05F-578B8D5850EB,200000.0
1672586400,_76CBB3CE-2D4C-4392-A1CD-AAEBC2AB5FA5,14327.07959399974
1672586400,_B42011D9-38A0-4D06-8C84-49836267E66B,-0.0
1672586400,_50310945-A608-4A94-98A9-B6E45510F0BF,-0.0
1672587000,_5FBE0EB4-B59A-4F56-9CC9-C00AA433006C,249999.99999999994
1672587000,_DC88677C-83A6-4B9A-A05F-578B8D5850EB,81918.83889500056
1672587000,_76CBB3CE-2D4C-4392-A1CD-AAEBC2AB5FA5,100000.0
1672587000,_B42011D9-38A0-4D06-8C84-49836267E66B,150000.0
1672587000,_50310945-A608-4A94-98A9-B6E45510F0BF,125000.0
1672587600,_5FBE0EB4-B59A-4F56-9CC9-C00AA433006C,250000.0
1672587600,_DC88677C-83A6-4B9A-A05F-578B8D5850EB,200000.0
1672587600,_76CBB3CE-2D4C-4392-A1CD-AAEBC2AB5FA5,100000.0
1672587600,_B42011D9-38A0-4D06-8C84-49836267E66B,150000.0
1672587600,_50310945-A608-4A94-98A9-B6E45510F0BF,112356.02726300039
1672588200,_5FBE0EB4-B59A-4F56-9CC9-C00AA433006C,250000.0
1672588200,_DC88677C-83A6-4B9A-A05F-578B8D5850EB,200000.0
1672588200,_76CBB3CE-2D4C-4392-A1CD-AAEBC2AB5FA5,100000.0
1672588200,_B42011D9-38A0-4D06-8C84-49836267E66B,150000.0
1672588200,_50310945-A608-4A94-98A9-B6E45510F0BF,125000.0
1672588800,_5FBE0EB4-B59A-4F56-9CC9-C00AA433006C,250000.0
1672588800,_DC88677C-83A6-4B9A-A05F-578B8D5850EB,200000.0
1672588800,_76CBB3CE-2D4C-4392-A1CD-AAEBC2AB5FA5,100000.0
1672588800,_B42011D9-38A0-4D06-8C84-49836267E66B,150000.0
1672588800,_50310945-A608-4A94-98A9-B6E45510F0BF,125000.0
1672589400,_5FBE0EB4-B59A-4F56-9CC9-C00AA433006C,250000.0
1672589400,_DC88677C-83A6-4B9A-A05F-578B8D5850EB,200000.0
1672589400,_76CBB3CE-2D4C-4392-A1CD-AAEBC2AB5FA5,87076.00460205929
1672589400,_B42011D9-38A0-4D06-8C84-49836267E66B,150000.0
1672589400,_50310945-A608-4A94-98A9-B6E45510F0BF,125000.00000000023
1672590000,_5FBE0EB4-B59A-4F56-9CC9-C00AA433006C,147710.37455093322
1672590000,_DC88677C-83A6-4B9A-A05F-578B8D5850EB,200000.00000000006
1672590000,_76CBB3CE-2D4C-4392-A1CD-AAEBC2AB5FA5,25970.92654920163
1672590000,_B42011D9-38A0-4D06-8C84-49836267E66B,150000.0
1672590000,_50310945-A608-4A94-98A9-B6E45510F0BF,125000.0
1672590600,_5FBE0EB4-B59A-4F56-9CC9-C00AA433006C,37955.56323158523
1672590600,_DC88677C-83A6-4B9A-A05F-578B8D5850EB,200000.0
1672590600,_76CBB3CE-2D4C-4392-A1CD-AAEBC2AB5FA5,3747.9210129430526
1672590600,_B42011D9-38A0-4D06-8C84-49836267E66B,91728.60690894975
1672590600,_50310945-A608-4A94-98A9-B6E45510F0BF,82876.8116963302
1672591200,_5FBE0EB4-B59A-4F56-9CC9-C00AA433006C,8733.39218301733
1672591200,_DC88677C-83A6-4B9A-A05F-578B8D5850EB,127953.32466026238
1672591200,_76CBB3CE-2D4C-4392-A1CD-AAEBC2AB5FA5,545.6697834267743
1672591200,_B42011D9-38A0-4D06-8C84-49836267E66B,26398.700949826663
1672591200,_50310945-A608-4A94-98A9-B6E45510F0BF,24091.55737277191
1672591800,_5FBE0EB4-B59A-4F56-9CC9-C00AA433006C,-720.8453632550551
1672591800,_DC88677C-83A6-4B9A-A05F-578B8D5850EB,0.0
1672591800,_76CBB3CE-2D4C-4392-A1CD-AAEBC2AB5FA5,-207.37608076606406
1672591800,_B42011D9-38A0-4D06-8C84-49836267E66B,0.0
1672591800,_50310945-A608-4A94-98A9-B6E45510F0BF,0.0
1672592400,_5FBE0EB4-B59A-4F56-9CC9-C00AA433006C,-1004.2201100303454
1672592400,_DC88677C-83A6-4B9A-A05F-578B8D5850EB,0.0
1672592400,_76CBB3CE-2D4C-4392-A1CD-AAEBC2AB5FA5,-131.84880378633858
1672592400,_B42011D9-38A0-4D06-8C84-49836267E66B,-1721.7250679942285
1672592400,_50310945-A608-4A94-98A9-B6E45510F0BF,-1488.8666054322375
1672593000,_5FBE0EB4-B59A-4F56-9CC9-C00AA433006C,-370.2700893536415
1672593000,_DC88677C-83A6-4B9A-A05F-578B8D5850EB,-0.0
1672593000,_76CBB3CE-2D4C-4392-A1CD-AAEBC2AB5FA5,-41.159464240836385
1672593000,_B42011D9-38A0-4D06-8C84-49836267E66B,-716.6897614359624
1672593000,_50310945-A608-4A94-98A9-B6E45510F0BF,-619.7695483209231
1672593600,_5FBE0EB4-B59A-4F56-9CC9-C00AA433006C,-125.48400195411614
1672593600,_DC88677C-83A6-4B9A-A05F-578B8D5850EB,0.0
1672593600,_76CBB3CE-2D4C-4392-A1CD-AAEBC2AB5FA5,-13.816653782328103
1672593600,_B42011D9-38A0-4D06-8C84-49836267E66B,-244.37108362690418
1672593600,_50310945-A608-4A94-98A9-B6E45510F0BF,-211.32620421276948
1672594200,_5FBE0EB4-B59A-4F56-9CC9-C00AA433006C,-39.67776270877499
1672594200,_DC88677C-83A6-4B9A-A05F-578B8D5850EB,0.0
1672594200,_76CBB3CE-2D4C-4392-A1CD-AAEBC2AB5FA5,-4.361926959317586
1672594200,_B42011D9-38A0-4D06-8C84-49836267E66B,-77.35135097436397
1672594200,_50310945-A608-4A94-98A9-B6E45510F0BF,-66.89196107212413
1672594800,_5FBE0EB4-B59A-4F56-9CC9-C00AA433006C,-8.217064448201583
1672594800,_DC88677C-83A6-4B9A-A05F-578B8D5850EB,-0.0
1672594800,_76CBB3CE-2D4C-4392-A1CD-AAEBC2AB5FA5,-0.9018809213667822
1672594800,_B42011D9-38A0-4D06-8C84-49836267E66B,-16.03707960456946
1672594800,_50310945-A608-4A94-98A9-B6E45510F0BF,-13.868681386440596
1672595400,_5FBE0EB4-B59A-4F56-9CC9-C00AA433006C,-2.5351547719938416
1672595400,_DC88677C-83A6-4B9A-A05F-578B8D5850EB,0.0
1672595400,_76CBB3CE-2D4C-4392-A1CD-AAEBC2AB5FA5,-0.2781746848423694
1672595400,_B42011D9-38A0-4D06-8C84-49836267E66B,-4.948780817526366
1672595400,_50310945-A608-4A94-98A9-B6E45510F0BF,-4.279656323213921
1672596000,_5FBE0EB4-B59A-4F56-9CC9-C00AA433006C,-0.868838432055874
1672596000,_DC88677C-83A6-4B9A-A05F-578B8D5850EB,0.0
1672596000,_76CBB3CE-2D4C-4392-A1CD-AAEBC2AB5FA5,-0.09533410847417656
1672596000,_B42011D9-38A0-4D06-8C84-49836267E66B,-1.6960392905662758
1672596000,_50310945-A608-4A94-98A9-B6E45510F0BF,-1.4667180517902167
1672596600,_5FBE0EB4-B59A-4F56-9CC9-C00AA433006C,-0.2734055224717924
1672596600,_DC88677C-83A6-4B9A-A05F-578B8D5850EB,-0.0
1672596600,_76CBB3CE-2D4C-4392-A1CD-AAEBC2AB5FA5,-0.029999626161014703
1672596600,_B42011D9-38A0-4D06-8C84-49836267E66B,-0.533709500039059
1672596600,_50310945-A608-4A94-98A9-B6E45510F0BF,-0.46154673498555177
1672597200,_5FBE0EB4-B59A-4F56-9CC9-C00AA433006C,-0.017640616800651543
1672597200,_DC88677C-83A6-4B9A-A05F-578B8D5850EB,1.5676348768894031e-10
1672597200,_76CBB3CE-2D4C-4392-A1CD-AAEBC2AB5FA5,-0.0019356078073684557
1672597200,_B42011D9-38A0-4D06-8C84-49836267E66B,-0.034436355322853274
1672597200,_50310945-A608-4A94-98A9-B6E45510F0BF,-0.02978023427857579
1672597800,_5FBE0EB4-B59A-4F56-9CC9-C00AA433006C,-0.0003555642447139462
1672597800,_DC88677C-83A6-4B9A-A05F-578B8D5850EB,19939.398697681983
1672597800,_76CBB3CE-2D4C-4392-A1CD-AAEBC2AB5FA5,-3.9006264884733355e-05
1672597800,_B42011D9-38A0-4D06-8C84-49836267E66B,-0.0006942613151039723
1672597800,_50310945-A608-4A94-98A9-B6E45510F0BF,-0.0006003955110855941
1672598400,_5FBE0EB4-B59A-4F56-9CC9-C00AA433006C,-3.082009647492612e-05
1672598400,_DC88677C-83A6-4B9A-A05F-578B8D5850EB,6388.83423059444
1672598400,_76CBB3CE-2D4C-4392-A1CD-AAEBC2AB5FA5,-3.3790303888281414e-06
1672598400,_B42011D9-38A0-4D06-8C84-49836267E66B,-6.022204956934729e-05
1672598400,_50310945-A608-4A94-98A9-B6E45510F0BF,-5.208083964092225e-05
1672599000,_5FBE0EB4-B59A-4F56-9CC9-C00AA433006C,-9.027945058193154e-06
1672599000,_DC88677C-83A6-4B9A-A05F-578B8D5850EB,1939.8221799653093
1672599000,_76CBB3CE-2D4C-4392-A1CD-AAEBC2AB5FA5,-9.895639863088945e-07
1672599000,_B42011D9-38A0-4D06-8C84-49836267E66B,-1.764338675158683e-05
1672599000,_50310945-A608-4A94-98A9-B6E45510F0BF,-1.525840565008707e-05
1672599600,_5FBE0EB4-B59A-4F56-9CC9-C00AA433006C,-2.3810953209135732e-06
1672599600,_DC88677C-83A6-4B9A-A05F-578B8D5850EB,445.6890899780972
1672599600,_76CBB3CE-2D4C-4392-A1CD-AAEBC2AB5FA5,-2.610800464708518e-07
1672599600,_B42011D9-38A0-4D06-8C84-49836267E66B,-4.653055718506494e-06
1672599600,_50310945-A608-4A94-98A9-B6E45510F0BF,-4.023836819300186e-06
1672600200,_5FBE0EB4-B59A-4F56-9CC9-C00AA433006C,-4.1550096696596484e-07
1672600200,_DC88677C-83A6-4B9A-A05F-578B8D5850EB,42.145186798740575
1672600200,_76CBB3CE-2D4C-4392-A1CD-AAEBC2AB5FA5,-4.565237077258644e-08
1672600200,_B42011D9-38A0-4D06-8C84-49836267E66B,-8.125722317231521e-07
1672600200,_50310945-A608-4A94-98A9-B6E45510F0BF,-7.022715742266428e-07
1672600800,_5FBE0EB4-B59A-4F56-9CC9-C00AA433006C,-5.406119996109737e-08
1672600800,_DC88677C-83A6-4B9A-A05F-578B8D5850EB,-6.448055407415332
1672600800,_76CBB3CE-2D4C-4392-A1CD-AAEBC2AB5FA5,-5.8619775700208265e-09
1672600800,_B42011D9-38A0-4D06-8C84-49836267E66B,-1.056932319443149e-07
1672600800,_50310945-A608-4A94-98A9-B6E45510F0BF,-9.120482147295661e-08
1672601400,_5FBE0EB4-B59A-4F56-9CC9-C00AA433006C,-1.0096812708831893e-08
1672601400,_DC88677C-83A6-4B9A-A05F-578B8D5850EB,-3.522152311341564
1672601400,_76CBB3CE-2D4C-4392-A1CD-AAEBC2AB5FA5,-8.881784197001252e-10
1672601400,_B42011D9-38A0-4D06-8C84-49836267E66B,-1.9262369477246466e-08
1672601400,_50310945-A608-4A94-98A9-B6E45510F0BF,-1.659783421814609e-08
1672602000,_5FBE0EB4-B59A-4F56-9CC9-C00AA433006C,-1.1657341758564144e-09
1672602000,_DC88677C-83A6-4B9A-A05F-578B8D5850EB,-1.0774379060274342
1672602000,_76CBB3CE-2D4C-4392-A1CD-AAEBC2AB5FA5,-1.7763568394002505e-10
1672602000,_B42011D9-38A0-4D06-8C84-49836267E66B,-1.942890293094024e-09
1672602000,_50310945-A608-4A94-98A9-B6E45510F0BF,-2.162714451969805e-09
1672602600,_5FBE0EB4-B59A-4F56-9CC9-C00AA433006C,8.326672684688674e-11
1672602600,_DC88677C-83A6-4B9A-A05F-578B8D5850EB,-0.22879078565019026
1672602600,_76CBB3CE-2D4C-4392-A1CD-AAEBC2AB5FA5,-1.3322676295501878e-10
1672602600,_B42011D9-38A0-4D06-8C84-49836267E66B,1.6653345369377348e-10
1672602600,_50310945-A608-4A94-98A9-B6E45510F0BF,4.749533828295877e-10
1672603200,_5FBE0EB4-B59A-4F56-9CC9-C00AA433006C,8.326672684688674e-11
1672603200,_DC88677C-83A6-4B9A-A05F-578B8D5850EB,-0.0754799414970364
1672603200,_76CBB3CE-2D4C-4392-A1CD-AAEBC2AB5FA5,-1.3322676295501878e-10
1672603200,_B42011D9-38A0-4D06-8C84-49836267E66B,1.6653345369377348e-10
1672603200,_50310945-A608-4A94-98A9-B6E45510F0BF,-1.4854784069484595e-10
1672603800,_5FBE0EB4-B59A-4F56-9CC9-C00AA433006C,1.0169642905566434e-10
1672603800,_DC88677C-83A6-4B9A-A05F-578B8D5850EB,-0.02243189853867733
1672603800,_76CBB3CE-2D4C-4392-A1CD-AAEBC2AB5FA5,-1.3322676295501878e-10
1672603800,_B42011D9-38A0-4D06-8C84-49836267E66B,1.6653345369377348e-10
1672603800,_50310945-A608-4A94-98A9-B6E45510F0BF,-1.1102230246251565e-10
1672604400,_5FBE0EB4-B59A-4F56-9CC9-C00AA433006C,2.216005148681483e-10
1672604400,_DC88677C-83A6-4B9A-A05F-578B8D5850EB,-0.007104071331198724
1672604400,_76CBB3CE-2D4C-4392-A1CD-AAEBC2AB5FA5,-1.3322676295501878e-10
1672604400,_B42011D9-38A0-4D06-8C84-49836267E66B,1.6653345369377348e-10
1672604400,_50310945-A608-4A94-98A9-B6E45510F0BF,-1.1102230246251565e-10
1672605000,_5FBE0EB4-B59A-4F56-9CC9-C00AA433006C,8.326672684688674e-11
1672605000,_DC88677C-83A6-4B9A-A05F-578B8D5850EB,-0.0015565369659853445
1672605000,_76CBB3CE-2D4C-4392-A1CD-AAEBC2AB5FA5,-1.3322676295501878e-10
1672605000,_B42011D9-38A0-4D06-8C84-49836267E66B,1.6653345369377348e-10
1672605000,_50310945-A608-4A94-98A9-B6E45510F0BF,-2.3647750424515834e-10
1672605600,_5FBE0EB4-B59A-4F56-9CC9-C00AA433006C,2.482458682797152e-10
1672605600,_DC88677C-83A6-4B9A-A05F-578B8D5850EB,-0.00023828619077903565
1672605600,_76CBB3CE-2D4C-4392-A1CD-AAEBC2AB5FA5,-1.3322676295501878e-10
1672605600,_B42011D9-38A0-4D06-8C84-49836267E66B,1.6653345369377348e-10
1672605600,_50310945-A608-4A94-98A9-B6E45510F0BF,-1.1102230246251565e-10
1672606200,_5FBE0EB4-B59A-4F56-9CC9-C00AA433006C,8.326672684688674e-11
1672606200,_DC88677C-83A6-4B9A-A05F-578B8D5850EB,-4.769751260624844e-05
1672606200,_76CBB3CE-2D4C-4392-A1CD-AAEBC2AB5FA5,-1.3322676295501878e-10
1672606200,_B42011D9-38A0-4D06-8C84-49836267E66B,1.6653345369377348e-10
1672606200,_50310945-A608-4A94-98A9-B6E45510F0BF,-2.5779378631796135e-10
1672606800,_5FBE0EB4-B59A-4F56-9CC9-C00AA433006C,8.326672684688674e-11
1672606800,_DC88677C-83A6-4B9A-A05F-578B8D5850EB,-1.5868439895427855e-05
1672606800,_76CBB3CE-2D4C-4392-A1CD-AAEBC2AB5FA5,-1.3322676295501878e-10
1672606800,_B42011D9-38A0-4D06-8C84-49836267E66B,1.6653345369377348e-10
1672606800,_50310945-A608-4A94-98A9-B6E45510F0BF,-1.9917401061775308e-10
1672607400,_5FBE0EB4-B59A-4F56-9CC9-C00AA433006C,1.0436096431476471e-10
1672607400,_DC88677C-83A6-4B9A-A05F-578B8D5850EB,-5.416067594410379e-06
1672607400,_76CBB3CE-2D4C-4392-A1CD-AAEBC2AB5FA5,-1.3322676295501878e-10
1672607400,_B42011D9-38A0-4D06-8C84-49836267E66B,1.6653345369377348e-10
1672607400,_50310945-A608-4A94-98A9-B6E45510F0BF,-1.1102230246251565e-10
1672608000,_5FBE0EB4-B59A-4F56-9CC9-C00AA433006C,8.326672684688674e-11
1672608000,_DC88677C-83A6-4B9A-A05F-578B8D5850EB,-1.6690648863004751e-06
1672608000,_76CBB3CE-2D4C-4392-A1CD-AAEBC2AB5FA5,-1.3322676295501878e-10
1672608000,_B42011D9-38A0-4D06-8C84-49836267E66B,1.6653345369377348e-10
1672608000,_50310945-A608-4A94-98A9-B6E45510F0BF,-2.0183854587706025e-10
1672608600,_5FBE0EB4-B59A-4F56-9CC9-C00AA433006C,1.1235457009206584e-10
1672608600,_DC88677C-83A6-4B9A-A05F-578B8D5850EB,-4.703570866126938e-07
1672608600,_76CBB3CE-2D4C-4392-A1CD-AAEBC2AB5FA5,-1.3322676295501878e-10
1672608600,_B42011D9-38A0-4D06-8C84-49836267E66B,1.6653345369377348e-10
1672608600,_50310945-A608-4A94-98A9-B6E45510F0BF,-1.1102230246251565e-10
1672609200,_5FBE0EB4-B59A-4F56-9CC9-C00AA433006C,1.176836406102666e-10
1672609200,_DC88677C-83A6-4B9A-A05F-578B8D5850EB,-1.347588707290015e-07
1672609200,_76CBB3CE-2D4C-4392-A1CD-AAEBC2AB5FA5,-1.3322676295501878e-10
1672609200,_B42011D9-38A0-4D06-8C84-49836267E66B,1.6653345369377348e-10
1672609200,_50310945-A608-4A94-98A9-B6E45510F0BF,-1.1102230246251565e-10
1672609800,_5FBE0EB4-B59A-4F56-9CC9-C00AA433006C,1.1235457009206584e-10
1672609800,_DC88677C-83A6-4B9A-A05F-578B8D5850EB,-3.5504932327512506e-08
1672609800,_76CBB3CE-2D4C-4392-A1CD-AAEBC2AB5FA5,-1.3322676295501878e-10
1672609800,_B42011D9-38A0-4D06-8C84-49836267E66B,1.6653345369377348e-10
1672609800,_50310945-A608-4A94-98A9-B6E45510F0BF,-1.1102230246251565e-10
1672610400,_5FBE0EB4-B59A-4F56-9CC9-C00AA433006C,8.326672684688674e-11
1672610400,_DC88677C-83A6-4B9A-A05F-578B8D5850EB,-5.728750807065808e-09
1672610400,_76CBB3CE-2D4C-4392-A1CD-AAEBC2AB5FA5,-1.3322676295501878e-10
1672610400,_B42011D9-38A0-4D06-8C84-49836267E66B,1.6653345369377348e-10
1672610400,_50310945-A608-4A94-98A9-B6E45510F0BF,-1.858513343222512e-10
1672611000,_5FBE0EB4-B59A-4F56-9CC9-C00AA433006C,1.1235457009206584e-10
1672611000,_DC88677C-83A6-4B9A-A05F-578B8D5850EB,-1.3988810110276972e-09
1672611000,_76CBB3CE-2D4C-4392-A1CD-AAEBC2AB5FA5,-1.3322676295501878e-10
1672611000,_B42011D9-38A0-4D06-8C84-49836267E66B,1.6653345369377348e-10
1672611000,_50310945-A608-4A94-98A9-B6E45510F0BF,-1.1102230246251565e-10
1672611600,_5FBE0EB4-B59A-4F56-9CC9-C00AA433006C,8.326672684688674e-11
1672611600,_DC88677C-83A6-4B9A-A05F-578B8D5850EB,-5.329070518200751e-10
1672611600,_76CBB3CE-2D4C-4392-A1CD-AAEBC2AB5FA5,-1.3322676295501878e-10
1672611600,_B42011D9-38A0-4D06-8C84-49836267E66B,1.6653345369377348e-10
1672611600,_50310945-A608-4A94-98A9-B6E45510F0BF,-2.657873920952625e-10
1672612200,_5FBE0EB4-B59A-4F56-9CC9-C00AA433006C,8.326672684688674e-11
1672612200,_DC88677C-83A6-4B9A-A05F-578B8D5850EB,1.3322676295501878e-10
1672612200,_76CBB3CE-2D4C-4392-A1CD-AAEBC2AB5FA5,-1.3322676295501878e-10
1672612200,_B42011D9-38A0-4D06-8C84-49836267E66B,1.6653345369377348e-10
1672612200,_50310945-A608-4A94-98A9-B6E45510F0BF,-2.498001805406602e-10
1672612800,_5FBE0EB4-B59A-4F56-9CC9-C00AA433006C,8.326672684688674e-11
1672612800,_DC88677C-83A6-4B9A-A05F-578B8D5850EB,1.3322676295501878e-10
1672612800,_76CBB3CE-2D4C-4392-A1CD-AAEBC2AB5FA5,-1.3322676295501878e-10
1672612800,_B42011D9-38A0-4D06-8C84-49836267E66B,1.6653345369377348e-10
1672612800,_50310945-A608-4A94-98A9-B6E45510F0BF,-2.498001805406602e-10
1672613400,_5FBE0EB4-B59A-4F56-9CC9-C00AA433006C,8.326672684688674e-11
1672613400,_DC88677C-83A6-4B9A-A05F-578B8D5850EB,1.3322676295501878e-10
1672613400,_76CBB3CE-2D4C-4392-A1CD-AAEBC2AB5FA5,-1.3322676295501878e-10
1672613400,_B42011D9-38A0-4D06-8C84-49836267E66B,1.6653345369377348e-10
1672613400,_50310945-A608-4A94-98A9-B6E45510F0BF,-2.498001805406602e-10
1672614000,_5FBE0EB4-B59A-4F56-9CC9-C00AA433006C,8.326672684688674e-11
1672614000,_DC88677C-83A6-4B9A-A05F-578B8D5850EB,1.3322676295501878e-10
1672614000,_76CBB3CE-2D4C-4392-A1CD-AAEBC2AB5FA5,-1.3322676295501878e-10
1672614000,_B42011D9-38A0-4D06-8C84-49836267E66B,1.6653345369377348e-10
1672614000,_50310945-A608-4A94-98A9-B6E45510F0BF,-2.498001805406602e-10
1672614600,_5FBE0EB4-B59A-4F56-9CC9-C00AA433006C,1.1501910535116622e-10
1672614600,_DC88677C-83A6-4B9A-A05F-578B8D5850EB,1.3322676295501878e-10
1672614600,_76CBB3CE-2D4C-4392-A1CD-AAEBC2AB5FA5,-1.3322676295501878e-10
1672614600,_B42011D9-38A0-4D06-8C84-49836267E66B,1.6653345369377348e-10
1672614600,_50310945-A608-4A94-98A9-B6E45510F0BF,-1.1102230246251565e-10
1672615200,_5FBE0EB4-B59A-4F56-9CC9-C00AA433006C,1.1501910535116622e-10
1672615200,_DC88677C-83A6-4B9A-A05F-578B8D5850EB,1.3322676295501878e-10
1672615200,_76CBB3CE-2D4C-4392-A1CD-AAEBC2AB5FA5,-1.3322676295501878e-10
1672615200,_B42011D9-38A0-4D06-8C84-49836267E66B,1.6653345369377348e-10
1672615200,_50310945-A608-4A94-98A9-B6E45510F0BF,-1.1102230246251565e-10
1672615800,_5FBE0EB4-B59A-4F56-9CC9-C00AA433006C,1.1501910535116622e-10
1672615800,_DC88677C-83A6-4B9A-A05F-578B8D5850EB,1.3322676295501878e-10
1672615800,_76CBB3CE-2D4C-4392-A1CD-AAEBC2AB5FA5,-1.3322676295501878e-10
1672615800,_B42011D9-38A0-4D06-8C84-49836267E66B,1.6653345369377348e-10
1672615800,_50310945-A608-4A94-98A9-B6E45510F0BF,-1.1102230246251565e-10
1672616400,_5FBE0EB4-B59A-4F56-9CC9-C00AA433006C,1.1501910535116622e-10
1672616400,_DC88677C-83A6-4B9A-A05F-578B8D5850EB,1.3322676295501878e-10
1672616400,_76CBB3CE-2D4C-4392-A1CD-AAEBC2AB5FA5,-1.3322676295501878e-10
1672616400,_B42011D9-38A0-4D06-8C84-49836267E66B,1.6653345369377348e-10
1672616400,_50310945-A608-4A94-98A9-B6E45510F0BF,-1.1102230246251565e-10
1672617000,_5FBE0EB4-B59A-4F56-9CC9-C00AA433006C,1.1501910535116622e-10
1672617000,_DC88677C-83A6-4B9A-A05F-578B8D5850EB,1.3322676295501878e-10
1672617000,_76CBB3CE-2D4C-4392-A1CD-AAEBC2AB5FA5,-1.3322676295501878e-10
1672617000,_B42011D9-38A0-4D06-8C84-49836267E66B,1.6653345369377348e-10
1672617000,_50310945-A608-4A94-98A9-B6E45510F0BF,-1.1102230246251565e-10
