time,mrid,battery,phases,p_batt
1672531200,_5FBE0EB4-B59A-4F56-9CC9-C00AA433006C,battery5,ABC,-250.0
1672531200,_DC88677C-83A6-4B9A-A05F-578B8D5850EB,battery2,ABC,-200.0
1672531200,_76CBB3CE-2D4C-4392-A1CD-AAEBC2AB5FA5,battery3,ABC,-100.0
1672531200,_B42011D9-38A0-4D06-8C84-49836267E66B,battery4,ABC,-150.0
1672531200,_50310945-A608-4A94-98A9-B6E45510F0BF,battery1,ABC,-125.0
1672531800,_5FBE0EB4-B59A-4F56-9CC9-C00AA433006C,battery5,ABC,-250.0
1672531800,_DC88677C-83A6-4B9A-A05F-578B8D5850EB,battery2,ABC,-200.0
1672531800,_76CBB3CE-2D4C-4392-A1CD-AAEBC2AB5FA5,battery3,ABC,-100.0
1672531800,_B42011D9-38A0-4D06-8C84-49836267E66B,battery4,ABC,-150.0
1672531800,_50310945-A608-4A94-98A9-B6E45510F0BF,battery1,ABC,-125.0
1672532400,_5FBE0EB4-B59A-4F56-9CC9-C00AA433006C,battery5,ABC,-250.0
1672532400,_DC88677C-83A6-4B9A-A05F-578B8D5850EB,battery2,ABC,-200.0
1672532400,_76CBB3CE-2D4C-4392-A1CD-AAEBC2AB5FA5,battery3,ABC,-100.0
1672532400,_B42011D9-38A0-4D06-8C84-49836267E66B,battery4,ABC,-150.0
1672532400,_50310945-A608-4A94-98A9-B6E45510F0BF,battery1,ABC,-125.0
1672533000,_5FBE0EB4-B59A-4F56-9CC9-C00AA433006C,battery5,ABC,-250.0
1672533000,_DC88677C-83A6-4B9A-A05F-578B8D5850EB,battery2,ABC,-64.53764246729679
1672533000,_76CBB3CE-2D4C-4392-A1CD-AAEBC2AB5FA5,battery3,ABC,-32.268821233648595
1672533000,_B42011D9-38A0-4D06-8C84-49836267E66B,battery4,ABC,-150.0
1672533000,_50310945-A608-4A94-98A9-B6E45510F0BF,battery1,ABC,-125.0
1672533600,_5FBE0EB4-B59A-4F56-9CC9-C00AA433006C,battery5,ABC,-250.0
1672533600,_DC88677C-83A6-4B9A-A05F-578B8D5850EB,battery2,ABC,-19.12972211872142
1672533600,_76CBB3CE-2D4C-4392-A1CD-AAEBC2AB5FA5,battery3,ABC,-9.564861059360474
1672533600,_B42011D9-38A0-4D06-8C84-49836267E66B,battery4,ABC,-150.0
1672533600,_50310945-A608-4A94-98A9-B6E45510F0BF,battery1,ABC,-125.0
1672534200,_5FBE0EB4-B59A-4F56-9CC9-C00AA433006C,battery5,ABC,-180.74975207083307
1672534200,_DC88677C-83A6-4B9A-A05F-578B8D5850EB,battery2,ABC,-5.0287843661188845
1672534200,_76CBB3CE-2D4C-4392-A1CD-AAEBC2AB5FA5,battery3,ABC,-2.514392183060069
1672534200,_B42011D9-38A0-4D06-8C84-49836267E66B,battery4,ABC,-150.0
1672534200,_50310945-A608-4A94-98A9-B6E45510F0BF,battery1,ABC,-125.0
1672534800,_5FBE0EB4-B59A-4F56-9CC9-C00AA433006C,battery5,ABC,-51.635078136511034
1672534800,_DC88677C-83A6-4B9A-A05F-578B8D5850EB,battery2,ABC,-0.9116002599406556
1672534800,_76CBB3CE-2D4C-4392-A1CD-AAEBC2AB5FA5,battery3,ABC,-0.4558001299702709
1672534800,_B42011D9-38A0-4D06-8C84-49836267E66B,battery4,ABC,-150.0
1672534800,_50310945-A608-4A94-98A9-B6E45510F0BF,battery1,ABC,-125.0
1672535400,_5FBE0EB4-B59A-4F56-9CC9-C00AA433006C,battery5,ABC,-6.994192031385303
1672535400,_DC88677C-83A6-4B9A-A05F-578B8D5850EB,battery2,ABC,-0.0018201249686740084
1672535400,_76CBB3CE-2D4C-4392-A1CD-AAEBC2AB5FA5,battery3,ABC,-0.0009100624826601234
1672535400,_B42011D9-38A0-4D06-8C84-49836267E66B,battery4,ABC,-150.0
1672535400,_50310945-A608-4A94-98A9-B6E45510F0BF,battery1,ABC,-125.0
1672536000,_5FBE0EB4-B59A-4F56-9CC9-C00AA433006C,battery5,ABC,1.217767050281121
1672536000,_DC88677C-83A6-4B9A-A05F-578B8D5850EB,battery2,ABC,0.068896224271775
1672536000,_76CBB3CE-2D4C-4392-A1CD-AAEBC2AB5FA5,battery3,ABC,0.03444811213504373
1672536000,_B42011D9-38A0-4D06-8C84-49836267E66B,battery4,ABC,0.0
1672536000,_50310945-A608-4A94-98A9-B6E45510F0BF,battery1,ABC,7.704947790898586e-14
1672536600,_5FBE0EB4-B59A-4F56-9CC9-C00AA433006C,battery5,ABC,0.6493939128078274
1672536600,_DC88677C-83A6-4B9A-A05F-578B8D5850EB,battery2,ABC,0.025955157893742253
1672536600,_76CBB3CE-2D4C-4392-A1CD-AAEBC2AB5FA5,battery3,ABC,0.01297757894653806
1672536600,_B42011D9-38A0-4D06-8C84-49836267E66B,battery4,ABC,0.0
1672536600,_50310945-A608-4A94-98A9-B6E45510F0BF,battery1,ABC,5.3290705182007514e-14
1672537200,_5FBE0EB4-B59A-4F56-9CC9-C00AA433006C,battery5,ABC,0.22362352394150742
1672537200,_DC88677C-83A6-4B9A-A05F-578B8D5850EB,battery2,ABC,0.00880525047202152
1672537200,_76CBB3CE-2D4C-4392-A1CD-AAEBC2AB5FA5,battery3,ABC,0.0044026252357554085
1672537200,_B42011D9-38A0-4D06-8C84-49836267E66B,battery4,ABC,0.0
1672537200,_50310945-A608-4A94-98A9-B6E45510F0BF,battery1,ABC,7.682743330406083e-14
1672537800,_5FBE0EB4-B59A-4F56-9CC9-C00AA433006C,battery5,ABC,0.05013801584133337
1672537800,_DC88677C-83A6-4B9A-A05F-578B8D5850EB,battery2,ABC,0.0019485266319119177
1672537800,_76CBB3CE-2D4C-4392-A1CD-AAEBC2AB5FA5,battery3,ABC,0.0009742633158449365
1672537800,_B42011D9-38A0-4D06-8C84-49836267E66B,battery4,ABC,0.0
1672537800,_50310945-A608-4A94-98A9-B6E45510F0BF,battery1,ABC,3.9745984281580604e-14
1672538400,_5FBE0EB4-B59A-4F56-9CC9-C00AA433006C,battery5,ABC,0.009655121187390758
1672538400,_DC88677C-83A6-4B9A-A05F-578B8D5850EB,battery2,ABC,0.0003700041655729791
1672538400,_76CBB3CE-2D4C-4392-A1CD-AAEBC2AB5FA5,battery3,ABC,0.00018500208267546725
1672538400,_B42011D9-38A0-4D06-8C84-49836267E66B,battery4,ABC,0.0
1672538400,_50310945-A608-4A94-98A9-B6E45510F0BF,battery1,ABC,5.906386491005833e-14
1672539000,_5FBE0EB4-B59A-4F56-9CC9-C00AA433006C,battery5,ABC,0.0007040714053072605
1672539000,_DC88677C-83A6-4B9A-A05F-578B8D5850EB,battery2,ABC,2.5187475838350792e-05
1672539000,_76CBB3CE-2D4C-4392-A1CD-AAEBC2AB5FA5,battery3,ABC,1.2593737741539712e-05
1672539000,_B42011D9-38A0-4D06-8C84-49836267E66B,battery4,ABC,-0.0
1672539000,_50310945-A608-4A94-98A9-B6E45510F0BF,battery1,ABC,-0.0
1672539600,_5FBE0EB4-B59A-4F56-9CC9-C00AA433006C,battery5,ABC,-0.00034508952414569194
1672539600,_DC88677C-83A6-4B9A-A05F-578B8D5850EB,battery2,ABC,-1.3971018404390634e-05
1672539600,_76CBB3CE-2D4C-4392-A1CD-AAEBC2AB5FA5,battery3,ABC,-6.985509500623266e-06
1672539600,_B42011D9-38A0-4D06-8C84-49836267E66B,battery4,ABC,-150.0
1672539600,_50310945-A608-4A94-98A9-B6E45510F0BF,battery1,ABC,-99.43392726531901
1672540200,_5FBE0EB4-B59A-4F56-9CC9-C00AA433006C,battery5,ABC,-0.00014149910327887483
1672540200,_DC88677C-83A6-4B9A-A05F-578B8D5850EB,battery2,ABC,-5.628004259961017e-06
1672540200,_76CBB3CE-2D4C-4392-A1CD-AAEBC2AB5FA5,battery3,ABC,-2.8140023147216198e-06
1672540200,_B42011D9-38A0-4D06-8C84-49836267E66B,battery4,ABC,-150.0
1672540200,_50310945-A608-4A94-98A9-B6E45510F0BF,battery1,ABC,-33.416723610169285
1672540800,_5FBE0EB4-B59A-4F56-9CC9-C00AA433006C,battery5,ABC,-3.9179292749214056e-05
1672540800,_DC88677C-83A6-4B9A-A05F-578B8D5850EB,battery2,ABC,-1.5516113762714667e-06
1672540800,_76CBB3CE-2D4C-4392-A1CD-AAEBC2AB5FA5,battery3,ABC,-7.758058195861395e-07
1672540800,_B42011D9-38A0-4D06-8C84-49836267E66B,battery4,ABC,-54.266244324595924
1672540800,_50310945-A608-4A94-98A9-B6E45510F0BF,battery1,ABC,-8.578416326617983
1672541400,_5FBE0EB4-B59A-4F56-9CC9-C00AA433006C,battery5,ABC,-5.976825375619832e-06
1672541400,_DC88677C-83A6-4B9A-A05F-578B8D5850EB,battery2,ABC,-2.351802752542653e-07
1672541400,_76CBB3CE-2D4C-4392-A1CD-AAEBC2AB5FA5,battery3,ABC,-1.1759020424051414e-07
1672541400,_B42011D9-38A0-4D06-8C84-49836267E66B,battery4,ABC,-10.66123380540318
1672541400,_50310945-A608-4A94-98A9-B6E45510F0BF,battery1,ABC,-1.1350542015306497
1672542000,_5FBE0EB4-B59A-4F56-9CC9-C00AA433006C,battery5,ABC,-9.441675774546354e-07
1672542000,_DC88677C-83A6-4B9A-A05F-578B8D5850EB,battery2,ABC,-3.686837501959417e-08
1672542000,_76CBB3CE-2D4C-4392-A1CD-AAEBC2AB5FA5,battery3,ABC,-1.843396546519216e-08
1672542000,_B42011D9-38A0-4D06-8C84-49836267E66B,battery4,ABC,-2.1052412901942863
1672542000,_50310945-A608-4A94-98A9-B6E45510F0BF,battery1,ABC,-0.14635768228276902
1672542600,_5FBE0EB4-B59A-4F56-9CC9-C00AA433006C,battery5,ABC,-2.469661142256996e-07
1672542600,_DC88677C-83A6-4B9A-A05F-578B8D5850EB,battery2,ABC,-9.625233943211242e-09
1672542600,_76CBB3CE-2D4C-4392-A1CD-AAEBC2AB5FA5,battery3,ABC,-4.8124171314611885e-09
1672542600,_B42011D9-38A0-4D06-8C84-49836267E66B,battery4,ABC,-0.5773841157092834
1672542600,_50310945-A608-4A94-98A9-B6E45510F0BF,battery1,ABC,-0.03613861000826546
1672543200,_5FBE0EB4-B59A-4F56-9CC9-C00AA433006C,battery5,ABC,-5.426442628575501e-08
1672543200,_DC88677C-83A6-4B9A-A05F-578B8D5850EB,battery2,ABC,-2.112443553414778e-09
1672543200,_76CBB3CE-2D4C-4392-A1CD-AAEBC2AB5FA5,battery3,ABC,-1.0559997321024639e-09
1672543200,_B42011D9-38A0-4D06-8C84-49836267E66B,battery4,ABC,-0.1303020068748011
1672543200,_50310945-A608-4A94-98A9-B6E45510F0BF,battery1,ABC,-0.007659991960736079
1672543800,_5FBE0EB4-B59A-4F56-9CC9-C00AA433006C,battery5,ABC,-1.1670747701586492e-08
1672543800,_DC88677C-83A6-4B9A-A05F-578B8D5850EB,battery2,ABC,-4.54170034913659e-10
1672543800,_76CBB3CE-2D4C-4392-A1CD-AAEBC2AB5FA5,battery3,ABC,-2.26973995154367e-10
1672543800,_B42011D9-38A0-4D06-8C84-49836267E66B,battery4,ABC,-0.028466148054830723
1672543800,_50310945-A608-4A94-98A9-B6E45510F0BF,battery1,ABC,-0.0016110203902570674
1672544400,_5FBE0EB4-B59A-4F56-9CC9-C00AA433006C,battery5,ABC,-1.4576673201815993e-09
1672544400,_DC88677C-83A6-4B9A-A05F-578B8D5850EB,battery2,ABC,-5.6821214400315505e-11
1672544400,_76CBB3CE-2D4C-4392-A1CD-AAEBC2AB5FA5,battery3,ABC,-2.8466118351389014e-11
1672544400,_B42011D9-38A0-4D06-8C84-49836267E66B,battery4,ABC,-0.0036635013807457817
1672544400,_50310945-A608-4A94-98A9-B6E45510F0BF,battery1,ABC,-0.00019237005460581713
1672545000,_5FBE0EB4-B59A-4F56-9CC9-C00AA433006C,battery5,ABC,-1.3514189767249718e-10
1672545000,_DC88677C-83A6-4B9A-A05F-578B8D5850EB,battery2,ABC,-5.46229728115577e-12
1672545000,_76CBB3CE-2D4C-4392-A1CD-AAEBC2AB5FA5,battery3,ABC,-2.575717417130363e-12
1672545000,_B42011D9-38A0-4D06-8C84-49836267E66B,battery4,ABC,-0.0003671145081740601
1672545000,_50310945-A608-4A94-98A9-B6E45510F0BF,battery1,ABC,-1.556748030395738e-05
1672545600,_5FBE0EB4-B59A-4F56-9CC9-C00AA433006C,battery5,ABC,4.905986727976597e-11
1672545600,_DC88677C-83A6-4B9A-A05F-578B8D5850EB,battery2,ABC,2.065014825802791e-12
1672545600,_76CBB3CE-2D4C-4392-A1CD-AAEBC2AB5FA5,battery3,ABC,9.769962616701378e-13
1672545600,_B42011D9-38A0-4D06-8C84-49836267E66B,battery4,ABC,0.00011305465147382066
1672545600,_50310945-A608-4A94-98A9-B6E45510F0BF,battery1,ABC,7.367500387545078e-06
1672546200,_5FBE0EB4-B59A-4F56-9CC9-C00AA433006C,battery5,ABC,1.8984813721090177e-11
1672546200,_DC88677C-83A6-4B9A-A05F-578B8D5850EB,battery2,ABC,7.993605777301127e-13
1672546200,_76CBB3CE-2D4C-4392-A1CD-AAEBC2AB5FA5,battery3,ABC,5.329070518200751e-13
1672546200,_B42011D9-38A0-4D06-8C84-49836267E66B,battery4,ABC,4.3355009415879664e-05
1672546200,_50310945-A608-4A94-98A9-B6E45510F0BF,battery1,ABC,2.7586804081103367e-06
1672546800,_5FBE0EB4-B59A-4F56-9CC9-C00AA433006C,battery5,ABC,5.300648808770347e-12
1672546800,_DC88677C-83A6-4B9A-A05F-578B8D5850EB,battery2,ABC,1.3322676295501878e-13
1672546800,_76CBB3CE-2D4C-4392-A1CD-AAEBC2AB5FA5,battery3,ABC,8.881784197001252e-14
1672546800,_B42011D9-38A0-4D06-8C84-49836267E66B,battery4,ABC,1.2531475301891248e-05
1672546800,_50310945-A608-4A94-98A9-B6E45510F0BF,battery1,ABC,7.907868804224449e-07
1672547400,_5FBE0EB4-B59A-4F56-9CC9-C00AA433006C,battery5,ABC,2.0816681711721685e-12
1672547400,_DC88677C-83A6-4B9A-A05F-578B8D5850EB,battery2,ABC,1.3322676295501878e-13
1672547400,_76CBB3CE-2D4C-4392-A1CD-AAEBC2AB5FA5,battery3,ABC,8.881784197001252e-14
1672547400,_B42011D9-38A0-4D06-8C84-49836267E66B,battery4,ABC,4.352624372039315e-06
1672547400,_50310945-A608-4A94-98A9-B6E45510F0BF,battery1,ABC,2.74643624509352e-07
1672548000,_5FBE0EB4-B59A-4F56-9CC9-C00AA433006C,battery5,ABC,2.498001805406602e-13
1672548000,_DC88677C-83A6-4B9A-A05F-578B8D5850EB,battery2,ABC,1.3322676295501878e-13
1672548000,_76CBB3CE-2D4C-4392-A1CD-AAEBC2AB5FA5,battery3,ABC,8.881784197001252e-14
1672548000,_B42011D9-38A0-4D06-8C84-49836267E66B,battery4,ABC,9.740724893347874e-07
1672548000,_50310945-A608-4A94-98A9-B6E45510F0BF,battery1,ABC,6.145769737564422e-08
1672548600,_5FBE0EB4-B59A-4F56-9CC9-C00AA433006C,battery5,ABC,1.2079226507921703e-13
1672548600,_DC88677C-83A6-4B9A-A05F-578B8D5850EB,battery2,ABC,1.3322676295501878e-13
1672548600,_76CBB3CE-2D4C-4392-A1CD-AAEBC2AB5FA5,battery3,ABC,8.881784197001252e-14
1672548600,_B42011D9-38A0-4D06-8C84-49836267E66B,battery4,ABC,3.1164476554934595e-07
1672548600,_50310945-A608-4A94-98A9-B6E45510F0BF,battery1,ABC,1.966243834417014e-08
1672549200,_5FBE0EB4-B59A-4F56-9CC9-C00AA433006C,battery5,ABC,2.4069635173873394e-13
1672549200,_DC88677C-83A6-4B9A-A05F-578B8D5850EB,battery2,ABC,1.3322676295501878e-13
1672549200,_76CBB3CE-2D4C-4392-A1CD-AAEBC2AB5FA5,battery3,ABC,8.881784197001252e-14
1672549200,_B42011D9-38A0-4D06-8C84-49836267E66B,battery4,ABC,6.530026519513399e-08
1672549200,_50310945-A608-4A94-98A9-B6E45510F0BF,battery1,ABC,4.120093155535187e-09
1672549800,_5FBE0EB4-B59A-4F56-9CC9-C00AA433006C,battery5,ABC,2.498001805406602e-13
1672549800,_DC88677C-83A6-4B9A-A05F-578B8D5850EB,battery2,ABC,1.3322676295501878e-13
1672549800,_76CBB3CE-2D4C-4392-A1CD-AAEBC2AB5FA5,battery3,ABC,8.881784197001252e-14
1672549800,_B42011D9-38A0-4D06-8C84-49836267E66B,battery4,ABC,-2.491501449597422e-08
1672549800,_50310945-A608-4A94-98A9-B6E45510F0BF,battery1,ABC,-1.5715346801670194e-09
1672550400,_5FBE0EB4-B59A-4F56-9CC9-C00AA433006C,battery5,ABC,2.4424906541753444e-13
1672550400,_DC88677C-83A6-4B9A-A05F-578B8D5850EB,battery2,ABC,1.3322676295501878e-13
1672550400,_76CBB3CE-2D4C-4392-A1CD-AAEBC2AB5FA5,battery3,ABC,8.881784197001252e-14
1672550400,_B42011D9-38A0-4D06-8C84-49836267E66B,battery4,ABC,-1.412464589733986e-08
1672550400,_50310945-A608-4A94-98A9-B6E45510F0BF,battery1,ABC,-8.910094884129194e-10
1672551000,_5FBE0EB4-B59A-4F56-9CC9-C00AA433006C,battery5,ABC,2.498001805406602e-13
1672551000,_DC88677C-83A6-4B9A-A05F-578B8D5850EB,battery2,ABC,1.3322676295501878e-13
1672551000,_76CBB3CE-2D4C-4392-A1CD-AAEBC2AB5FA5,battery3,ABC,8.881784197001252e-14
1672551000,_B42011D9-38A0-4D06-8C84-49836267E66B,battery4,ABC,-3.655242775124634e-09
1672551000,_50310945-A608-4A94-98A9-B6E45510F0BF,battery1,ABC,-2.3024937512161614e-10
1672551600,_5FBE0EB4-B59A-4F56-9CC9-C00AA433006C,battery5,ABC,2.498001805406602e-13
1672551600,_DC88677C-83A6-4B9A-A05F-578B8D5850EB,battery2,ABC,1.3322676295501878e-13
1672551600,_76CBB3CE-2D4C-4392-A1CD-AAEBC2AB5FA5,battery3,ABC,8.881784197001252e-14
1672551600,_B42011D9-38A0-4D06-8C84-49836267E66B,battery4,ABC,-5.715428130770306e-10
1672551600,_50310945-A608-4A94-98A9-B6E45510F0BF,battery1,ABC,-3.5675684628699855e-11
1672552200,_5FBE0EB4-B59A-4F56-9CC9-C00AA433006C,battery5,ABC,2.446931546273845e-13
1672552200,_DC88677C-83A6-4B9A-A05F-578B8D5850EB,battery2,ABC,1.3322676295501878e-13
1672552200,_76CBB3CE-2D4C-4392-A1CD-AAEBC2AB5FA5,battery3,ABC,8.881784197001252e-14
1672552200,_B42011D9-38A0-4D06-8C84-49836267E66B,battery4,ABC,-1.66644475996236e-10
1672552200,_50310945-A608-4A94-98A9-B6E45510F0BF,battery1,ABC,-1.049160758270773e-11
1672552800,_5FBE0EB4-B59A-4F56-9CC9-C00AA433006C,battery5,ABC,2.498001805406602e-13
1672552800,_DC88677C-83A6-4B9A-A05F-578B8D5850EB,battery2,ABC,1.3322676295501878e-13
1672552800,_76CBB3CE-2D4C-4392-A1CD-AAEBC2AB5FA5,battery3,ABC,8.881784197001252e-14
1672552800,_B42011D9-38A0-4D06-8C84-49836267E66B,battery4,ABC,-5.057065877167588e-11
1672552800,_50310945-A608-4A94-98A9-B6E45510F0BF,battery1,ABC,-3.106626067506113e-12
1672553400,_5FBE0EB4-B59A-4F56-9CC9-C00AA433006C,battery5,ABC,2.498001805406602e-13
1672553400,_DC88677C-83A6-4B9A-A05F-578B8D5850EB,battery2,ABC,1.3322676295501878e-13
1672553400,_76CBB3CE-2D4C-4392-A1CD-AAEBC2AB5FA5,battery3,ABC,8.881784197001252e-14
1672553400,_B42011D9-38A0-4D06-8C84-49836267E66B,battery4,ABC,-1.6042722705833512e-11
1672553400,_50310945-A608-4A94-98A9-B6E45510F0BF,battery1,ABC,-8.000267115448878e-13
1672554000,_5FBE0EB4-B59A-4F56-9CC9-C00AA433006C,battery5,ABC,1.580957587066223e-13
1672554000,_DC88677C-83A6-4B9A-A05F-578B8D5850EB,battery2,ABC,1.3322676295501878e-13
1672554000,_76CBB3CE-2D4C-4392-A1CD-AAEBC2AB5FA5,battery3,ABC,8.881784197001252e-14
1672554000,_B42011D9-38A0-4D06-8C84-49836267E66B,battery4,ABC,-2.942091015256665e-12
1672554000,_50310945-A608-4A94-98A9-B6E45510F0BF,battery1,ABC,-1.6653345369377348e-13
1672554600,_5FBE0EB4-B59A-4F56-9CC9-C00AA433006C,battery5,ABC,1.1102230246251565e-13
1672554600,_DC88677C-83A6-4B9A-A05F-578B8D5850EB,battery2,ABC,1.3322676295501878e-13
1672554600,_76CBB3CE-2D4C-4392-A1CD-AAEBC2AB5FA5,battery3,ABC,8.881784197001252e-14
1672554600,_B42011D9-38A0-4D06-8C84-49836267E66B,battery4,ABC,-1.6653345369377348e-13
1672554600,_50310945-A608-4A94-98A9-B6E45510F0BF,battery1,ABC,-1.6653345369377348e-13
1672555200,_5FBE0EB4-B59A-4F56-9CC9-C00AA433006C,battery5,ABC,1.1102230246251565e-13
1672555200,_DC88677C-83A6-4B9A-A05F-578B8D5850EB,battery2,ABC,1.3322676295501878e-13
1672555200,_76CBB3CE-2D4C-4392-A1CD-AAEBC2AB5FA5,battery3,ABC,8.881784197001252e-14
1672555200,_B42011D9-38A0-4D06-8C84-49836267E66B,battery4,ABC,-1.6653345369377348e-13
1672555200,_50310945-A608-4A94-98A9-B6E45510F0BF,battery1,ABC,-1.6653345369377348e-13
1672555800,_5FBE0EB4-B59A-4F56-9CC9-C00AA433006C,battery5,ABC,1.1102230246251565e-13
1672555800,_DC88677C-83A6-4B9A-A05F-578B8D5850EB,battery2,ABC,1.3322676295501878e-13
1672555800,_76CBB3CE-2D4C-4392-A1CD-AAEBC2AB5FA5,battery3,ABC,8.881784197001252e-14
1672555800,_B42011D9-38A0-4D06-8C84-49836267E66B,battery4,ABC,-1.6653345369377348e-13
1672555800,_50310945-A608-4A94-98A9-B6E45510F0BF,battery1,ABC,-1.6653345369377348e-13
1672556400,_5FBE0EB4-B59A-4F56-9CC9-C00AA433006C,battery5,ABC,1.1102230246251565e-13
1672556400,_DC88677C-83A6-4B9A-A05F-578B8D5850EB,battery2,ABC,1.3322676295501878e-13
1672556400,_76CBB3CE-2D4C-4392-A1CD-AAEBC2AB5FA5,battery3,ABC,8.881784197001252e-14
1672556400,_B42011D9-38A0-4D06-8C84-49836267E66B,battery4,ABC,-1.6653345369377348e-13
1672556400,_50310945-A608-4A94-98A9-B6E45510F0BF,battery1,ABC,-1.6653345369377348e-13
1672557000,_5FBE0EB4-B59A-4F56-9CC9-C00AA433006C,battery5,ABC,1.1102230246251565e-13
1672557000,_DC88677C-83A6-4B9A-A05F-578B8D5850EB,battery2,ABC,1.3322676295501878e-13
1672557000,_76CBB3CE-2D4C-4392-A1CD-AAEBC2AB5FA5,battery3,ABC,8.881784197001252e-14
1672557000,_B42011D9-38A0-4D06-8C84-49836267E66B,battery4,ABC,-1.6653345369377348e-13
1672557000,_50310945-A608-4A94-98A9-B6E45510F0BF,battery1,ABC,-1.6653345369377348e-13
1672557600,_5FBE0EB4-B59A-4F56-9CC9-C00AA433006C,battery5,ABC,1.1102230246251565e-13
1672557600,_DC88677C-83A6-4B9A-A05F-578B8D5850EB,battery2,ABC,1.3322676295501878e-13
1672557600,_76CBB3CE-2D4C-4392-A1CD-AAEBC2AB5FA5,battery3,ABC,8.881784197001252e-14
1672557600,_B42011D9-38A0-4D06-8C84-49836267E66B,battery4,ABC,-1.6653345369377348e-13
1672557600,_50310945-A608-4A94-98A9-B6E45510F0BF,battery1,ABC,-1.6653345369377348e-13
1672558200,_5FBE0EB4-B59A-4F56-9CC9-C00AA433006C,battery5,ABC,1.1102230246251565e-13
1672558200,_DC88677C-83A6-4B9A-A05F-578B8D5850EB,battery2,ABC,1.3322676295501878e-13
1672558200,_76CBB3CE-2D4C-4392-A1CD-AAEBC2AB5FA5,battery3,ABC,8.881784197001252e-14
1672558200,_B42011D9-38A0-4D06-8C84-49836267E66B,battery4,ABC,-1.6653345369377348e-13
1672558200,_50310945-A608-4A94-98A9-B6E45510F0BF,battery1,ABC,-1.6653345369377348e-13
1672558800,_5FBE0EB4-B59A-4F56-9CC9-C00AA433006C,battery5,ABC,2.498001805406602e-13
1672558800,_DC88677C-83A6-4B9A-A05F-578B8D5850EB,battery2,ABC,1.3322676295501878e-13
1672558800,_76CBB3CE-2D4C-4392-A1CD-AAEBC2AB5FA5,battery3,ABC,8.881784197001252e-14
1672558800,_B42011D9-38A0-4D06-8C84-49836267E66B,battery4,ABC,-1.6653345369377348e-13
1672558800,_50310945-A608-4A94-98A9-B6E45510F0BF,battery1,ABC,-1.34781075189494e-13
1672559400,_5FBE0EB4-B59A-4F56-9CC9-C00AA433006C,battery5,ABC,1.1102230246251565e-13
1672559400,_DC88677C-83A6-4B9A-A05F-578B8D5850EB,battery2,ABC,1.3322676295501878e-13
1672559400,_76CBB3CE-2D4C-4392-A1CD-AAEBC2AB5FA5,battery3,ABC,8.881784197001252e-14
1672559400,_B42011D9-38A0-4D06-8C84-49836267E66B,battery4,ABC,-1.6653345369377348e-13
1672559400,_50310945-A608-4A94-98A9-B6E45510F0BF,battery1,ABC,-1.6653345369377348e-13
1672560000,_5FBE0EB4-B59A-4F56-9CC9-C00AA433006C,battery5,ABC,1.1102230246251565e-13
1672560000,_DC88677C-83A6-4B9A-A05F-578B8D5850EB,battery2,ABC,1.3322676295501878e-13
1672560000,_76CBB3CE-2D4C-4392-A1CD-AAEBC2AB5FA5,battery3,ABC,8.881784197001252e-14
1672560000,_B42011D9-38A0-4D06-8C84-49836267E66B,battery4,ABC,-1.6653345369377348e-13
1672560000,_50310945-A608-4A94-98A9-B6E45510F0BF,battery1,ABC,-1.6653345369377348e-13
1672560600,_5FBE0EB4-B59A-4F56-9CC9-C00AA433006C,battery5,ABC,1.1102230246251565e-13
1672560600,_DC88677C-83A6-4B9A-A05F-578B8D5850EB,battery2,ABC,1.3322676295501878e-13
1672560600,_76CBB3CE-2D4C-4392-A1CD-AAEBC2AB5FA5,battery3,ABC,8.881784197001252e-14
1672560600,_B42011D9-38A0-4D06-8C84-49836267E66B,battery4,ABC,-1.6653345369377348e-13
1672560600,_50310945-A608-4A94-98A9-B6E45510F0BF,battery1,ABC,-1.6653345369377348e-13
1672561200,_5FBE0EB4-B59A-4F56-9CC9-C00AA433006C,battery5,ABC,1.1102230246251565e-13
1672561200,_DC88677C-83A6-4B9A-A05F-578B8D5850EB,battery2,ABC,1.3322676295501878e-13
1672561200,_76CBB3CE-2D4C-4392-A1CD-AAEBC2AB5FA5,battery3,ABC,8.881784197001252e-14
1672561200,_B42011D9-38A0-4D06-8C84-49836267E66B,battery4,ABC,-1.6653345369377348e-13
1672561200,_50310945-A608-4A94-98A9-B6E45510F0BF,battery1,ABC,-1.6653345369377348e-13
1672561800,_5FBE0EB4-B59A-4F56-9CC9-C00AA433006C,battery5,ABC,1.1102230246251565e-13
1672561800,_DC88677C-83A6-4B9A-A05F-578B8D5850EB,battery2,ABC,1.3322676295501878e-13
1672561800,_76CBB3CE-2D4C-4392-A1CD-AAEBC2AB5FA5,battery3,ABC,8.881784197001252e-14
1672561800,_B42011D9-38A0-4D06-8C84-49836267E66B,battery4,ABC,-1.6653345369377348e-13
1672561800,_50310945-A608-4A94-98A9-B6E45510F0BF,battery1,ABC,-1.6653345369377348e-13
1672562400,_5FBE0EB4-B59A-4F56-9CC9-C00AA433006C,battery5,ABC,1.1102230246251565e-13
1672562400,_DC88677C-83A6-4B9A-A05F-578B8D5850EB,battery2,ABC,1.3322676295501878e-13
1672562400,_76CBB3CE-2D4C-4392-A1CD-AAEBC2AB5FA5,battery3,ABC,8.881784197001252e-14
1672562400,_B42011D9-38A0-4D06-8C84-49836267E66B,battery4,ABC,-1.6653345369377348e-13
1672562400,_50310945-A608-4A94-98A9-B6E45510F0BF,battery1,ABC,-1.6653345369377348e-13
1672563000,_5FBE0EB4-B59A-4F56-9CC9-C00AA433006C,battery5,ABC,1.1102230246251565e-13
1672563000,_DC88677C-83A6-4B9A-A05F-578B8D5850EB,battery2,ABC,1.3322676295501878e-13
1672563000,_76CBB3CE-2D4C-4392-A1CD-AAEBC2AB5FA5,battery3,ABC,8.881784197001252e-14
1672563000,_B42011D9-38A0-4D06-8C84-49836267E66B,battery4,ABC,-1.6653345369377348e-13
1672563000,_50310945-A608-4A94-98A9-B6E45510F0BF,battery1,ABC,-1.6653345369377348e-13
1672563600,_5FBE0EB4-B59A-4F56-9CC9-C00AA433006C,battery5,ABC,1.1102230246251565e-13
1672563600,_DC88677C-83A6-4B9A-A05F-578B8D5850EB,battery2,ABC,1.3322676295501878e-13
1672563600,_76CBB3CE-2D4C-4392-A1CD-AAEBC2AB5FA5,battery3,ABC,8.881784197001252e-14
1672563600,_B42011D9-38A0-4D06-8C84-49836267E66B,battery4,ABC,-1.6653345369377348e-13
1672563600,_50310945-A608-4A94-98A9-B6E45510F0BF,battery1,ABC,-1.6653345369377348e-13
1672564200,_5FBE0EB4-B59A-4F56-9CC9-C00AA433006C,battery5,ABC,1.1102230246251565e-13
1672564200,_DC88677C-83A6-4B9A-A05F-578B8D5850EB,battery2,ABC,1.3322676295501878e-13
1672564200,_76CBB3CE-2D4C-4392-A1CD-AAEBC2AB5FA5,battery3,ABC,8.881784197001252e-14
1672564200,_B42011D9-38A0-4D06-8C84-49836267E66B,battery4,ABC,-1.6653345369377348e-13
1672564200,_50310945-A608-4A94-98A9-B6E45510F0BF,battery1,ABC,-1.6653345369377348e-13
1672564800,_5FBE0EB4-B59A-4F56-9CC9-C00AA433006C,battery5,ABC,1.1102230246251565e-13
1672564800,_DC88677C-83A6-4B9A-A05F-578B8D5850EB,battery2,ABC,1.3322676295501878e-13
1672564800,_76CBB3CE-2D4C-4392-A1CD-AAEBC2AB5FA5,battery3,ABC,8.881784197001252e-14
1672564800,_B42011D9-38A0-4D06-8C84-49836267E66B,battery4,ABC,-1.6653345369377348e-13
1672564800,_50310945-A608-4A94-98A9-B6E45510F0BF,battery1,ABC,-1.6653345369377348e-13
1672565400,_5FBE0EB4-B59A-4F56-9CC9-C00AA433006C,battery5,ABC,2.498001805406602e-13
1672565400,_DC88677C-83A6-4B9A-A05F-578B8D5850EB,battery2,ABC,1.3322676295501878e-13
1672565400,_76CBB3CE-2D4C-4392-A1CD-AAEBC2AB5FA5,battery3,ABC,8.881784197001252e-14
1672565400,_B42011D9-38A0-4D06-8C84-49836267E66B,battery4,ABC,-1.6653345369377348e-13
1672565400,_50310945-A608-4A94-98A9-B6E45510F0BF,battery1,ABC,-1.34781075189494e-13
1672566000,_5FBE0EB4-B59A-4F56-9CC9-C00AA433006C,battery5,ABC,2.498001805406602e-13
1672566000,_DC88677C-83A6-4B9A-A05F-578B8D5850EB,battery2,ABC,1.3322676295501878e-13
1672566000,_76CBB3CE-2D4C-4392-A1CD-AAEBC2AB5FA5,battery3,ABC,8.881784197001252e-14
1672566000,_B42011D9-38A0-4D06-8C84-49836267E66B,battery4,ABC,-1.6653345369377348e-13
1672566000,_50310945-A608-4A94-98A9-B6E45510F0BF,battery1,ABC,-1.34781075189494e-13
1672566600,_5FBE0EB4-B59A-4F56-9CC9-C00AA433006C,battery5,ABC,2.498001805406602e-13
1672566600,_DC88677C-83A6-4B9A-A05F-578B8D5850EB,battery2,ABC,1.3322676295501878e-13
1672566600,_76CBB3CE-2D4C-4392-A1CD-AAEBC2AB5FA5,battery3,ABC,8.881784197001252e-14
1672566600,_B42011D9-38A0-4D06-8C84-49836267E66B,battery4,ABC,-1.6653345369377348e-13
1672566600,_50310945-A608-4A94-98A9-B6E45510F0BF,battery1,ABC,-1.34781075189494e-13
1672567200,_5FBE0EB4-B59A-4F56-9CC9-C00AA433006C,battery5,ABC,2.498001805406602e-13
1672567200,_DC88677C-83A6-4B9A-A05F-578B8D5850EB,battery2,ABC,1.3322676295501878e-13
1672567200,_76CBB3CE-2D4C-4392-A1CD-AAEBC2AB5FA5,battery3,ABC,8.881784197001252e-14
1672567200,_B42011D9-38A0-4D06-8C84-49836267E66B,battery4,ABC,-1.6653345369377348e-13
1672567200,_50310945-A608-4A94-98A9-B6E45510F0BF,battery1,ABC,-1.34781075189494e-13
1672567800,_5FBE0EB4-B59A-4F56-9CC9-C00AA433006C,battery5,ABC,2.498001805406602e-13
1672567800,_DC88677C-83A6-4B9A-A05F-578B8D5850EB,battery2,ABC,1.3322676295501878e-13
1672567800,_76CBB3CE-2D4C-4392-A1CD-AAEBC2AB5FA5,battery3,ABC,8.881784197001252e-14
1672567800,_B42011D9-38A0-4D06-8C84-49836267E66B,battery4,ABC,-1.6653345369377348e-13
1672567800,_50310945-A608-4A94-98A9-B6E45510F0BF,battery1,ABC,-1.34781075189494e-13
1672568400,_5FBE0EB4-B59A-4F56-9CC9-C00AA433006C,battery5,ABC,2.498001805406602e-13
1672568400,_DC88677C-83A6-4B9A-A05F-578B8D5850EB,battery2,ABC,1.3322676295501878e-13
1672568400,_76CBB3CE-2D4C-4392-A1CD-AAEBC2AB5FA5,battery3,ABC,8.881784197001252e-14
1672568400,_B42011D9-38A0-4D06-8C84-49836267E66B,battery4,ABC,-1.6653345369377348e-13
1672568400,_50310945-A608-4A94-98A9-B6E45510F0BF,battery1,ABC,-1.34781075189494e-13
1672569000,_5FBE0EB4-B59A-4F56-9CC9-C00AA433006C,battery5,ABC,2.498001805406602e-13
1672569000,_DC88677C-83A6-4B9A-A05F-578B8D5850EB,battery2,ABC,1.3322676295501878e-13
1672569000,_76CBB3CE-2D4C-4392-A1CD-AAEBC2AB5FA5,battery3,ABC,8.881784197001252e-14
1672569000,_B42011D9-38A0-4D06-8C84-49836267E66B,battery4,ABC,-1.6653345369377348e-13
1672569000,_50310945-A608-4A94-98A9-B6E45510F0BF,battery1,ABC,-1.34781075189494e-13
1672569600,_5FBE0EB4-B59A-4F56-9CC9-C00AA433006C,battery5,ABC,2.498001805406602e-13
1672569600,_DC88677C-83A6-4B9A-A05F-578B8D5850EB,battery2,ABC,1.3322676295501878e-13
1672569600,_76CBB3CE-2D4C-4392-A1CD-AAEBC2AB5FA5,battery3,ABC,8.881784197001252e-14
1672569600,_B42011D9-38A0-4D06-8C84-49836267E66B,battery4,ABC,-1.6653345369377348e-13
1672569600,_50310945-A608-4A94-98A9-B6E45510F0BF,battery1,ABC,-1.34781075189494e-13
1672570200,_5FBE0EB4-B59A-4F56-9CC9-C00AA433006C,battery5,ABC,2.498001805406602e-13
1672570200,_DC88677C-83A6-4B9A-A05F-578B8D5850EB,battery2,ABC,1.3322676295501878e-13
1672570200,_76CBB3CE-2D4C-4392-A1CD-AAEBC2AB5FA5,battery3,ABC,8.881784197001252e-14
1672570200,_B42011D9-38A0-4D06-8C84-49836267E66B,battery4,ABC,-1.6653345369377348e-13
1672570200,_50310945-A608-4A94-98A9-B6E45510F0BF,battery1,ABC,-1.34781075189494e-13
1672570800,_5FBE0EB4-B59A-4F56-9CC9-C00AA433006C,battery5,ABC,2.498001805406602e-13
1672570800,_DC88677C-83A6-4B9A-A05F-578B8D5850EB,battery2,ABC,1.3322676295501878e-13
1672570800,_76CBB3CE-2D4C-4392-A1CD-AAEBC2AB5FA5,battery3,ABC,8.881784197001252e-14
1672570800,_B42011D9-38A0-4D06-8C84-49836267E66B,battery4,ABC,-1.6653345369377348e-13
1672570800,_50310945-A608-4A94-98A9-B6E45510F0BF,battery1,ABC,-1.34781075189494e-13
1672571400,_5FBE0EB4-B59A-4F56-9CC9-C00AA433006C,battery5,ABC,2.498001805406602e-13
1672571400,_DC88677C-83A6-4B9A-A05F-578B8D5850EB,battery2,ABC,1.3322676295501878e-13
1672571400,_76CBB3CE-2D4C-4392-A1CD-AAEBC2AB5FA5,battery3,ABC,8.881784197001252e-14
1672571400,_B42011D9-38A0-4D06-8C84-49836267E66B,battery4,ABC,-1.6653345369377348e-13
1672571400,_50310945-A608-4A94-98A9-B6E45510F0BF,battery1,ABC,-1.34781075189494e-13
1672572000,_5FBE0EB4-B59A-4F56-9CC9-C00AA433006C,battery5,ABC,2.498001805406602e-13
1672572000,_DC88677C-83A6-4B9A-A05F-578B8D5850EB,battery2,ABC,1.3322676295501878e-13
1672572000,_76CBB3CE-2D4C-4392-A1CD-AAEBC2AB5FA5,battery3,ABC,8.881784197001252e-14
1672572000,_B42011D9-38A0-4D06-8C84-49836267E66B,battery4,ABC,149.7653354949999
1672572000,_50310945-A608-4A94-98A9-B6E45510F0BF,battery1,ABC,125.0
1672572600,_5FBE0EB4-B59A-4F56-9CC9-C00AA433006C,battery5,ABC,55.761882775999624
1672572600,_DC88677C-83A6-4B9A-A05F-578B8D5850EB,battery2,ABC,1.3322676295501878e-13
1672572600,_76CBB3CE-2D4C-4392-A1CD-AAEBC2AB5FA5,battery3,ABC,100.0
1672572600,_B42011D9-38A0-4D06-8C84-49836267E66B,battery4,ABC,150.0
1672572600,_50310945-A608-4A94-98A9-B6E45510F0BF,battery1,ABC,-0.0
1672573200,_5FBE0EB4-B59A-4F56-9CC9-C00AA433006C,battery5,ABC,250.0
1672573200,_DC88677C-83A6-4B9A-A05F-578B8D5850EB,battery2,ABC,1.3322676295501878e-13
1672573200,_76CBB3CE-2D4C-4392-A1CD-AAEBC2AB5FA5,battery3,ABC,0.0
1672573200,_B42011D9-38A0-4D06-8C84-49836267E66B,battery4,ABC,92.10045429199982
1672573200,_50310945-A608-4A94-98A9-B6E45510F0BF,battery1,ABC,0.0
1672573800,_5FBE0EB4-B59A-4F56-9CC9-C00AA433006C,battery5,ABC,250.00000000000009
1672573800,_DC88677C-83A6-4B9A-A05F-578B8D5850EB,battery2,ABC,77.22065710700048
1672573800,_76CBB3CE-2D4C-4392-A1CD-AAEBC2AB5FA5,battery3,ABC,-0.0
1672573800,_B42011D9-38A0-4D06-8C84-49836267E66B,battery4,ABC,-0.0
1672573800,_50310945-A608-4A94-98A9-B6E45510F0BF,battery1,ABC,-0.0
1672574400,_5FBE0EB4-B59A-4F56-9CC9-C00AA433006C,battery5,ABC,95.52409726600001
1672574400,_DC88677C-83A6-4B9A-A05F-578B8D5850EB,battery2,ABC,200.0
1672574400,_76CBB3CE-2D4C-4392-A1CD-AAEBC2AB5FA5,battery3,ABC,0.0
1672574400,_B42011D9-38A0-4D06-8C84-49836267E66B,battery4,ABC,150.0
1672574400,_50310945-A608-4A94-98A9-B6E45510F0BF,battery1,ABC,0.0
1672575000,_5FBE0EB4-B59A-4F56-9CC9-C00AA433006C,battery5,ABC,179.87164797699984
1672575000,_DC88677C-83A6-4B9A-A05F-578B8D5850EB,battery2,ABC,200.00000000000006
1672575000,_76CBB3CE-2D4C-4392-A1CD-AAEBC2AB5FA5,battery3,ABC,100.0
1672575000,_B42011D9-38A0-4D06-8C84-49836267E66B,battery4,ABC,150.0
1672575000,_50310945-A608-4A94-98A9-B6E45510F0BF,battery1,ABC,125.0
1672575600,_5FBE0EB4-B59A-4F56-9CC9-C00AA433006C,battery5,ABC,250.0
1672575600,_DC88677C-83A6-4B9A-A05F-578B8D5850EB,battery2,ABC,200.0
1672575600,_76CBB3CE-2D4C-4392-A1CD-AAEBC2AB5FA5,battery3,ABC,100.0
1672575600,_B42011D9-38A0-4D06-8C84-49836267E66B,battery4,ABC,150.0
1672575600,_50310945-A608-4A94-98A9-B6E45510F0BF,battery1,ABC,125.0
1672576200,_5FBE0EB4-B59A-4F56-9CC9-C00AA433006C,battery5,ABC,195.07141926400013
1672576200,_DC88677C-83A6-4B9A-A05F-578B8D5850EB,battery2,ABC,200.0
1672576200,_76CBB3CE-2D4C-4392-A1CD-AAEBC2AB5FA5,battery3,ABC,100.0
1672576200,_B42011D9-38A0-4D06-8C84-49836267E66B,battery4,ABC,150.0
1672576200,_50310945-A608-4A94-98A9-B6E45510F0BF,battery1,ABC,125.0
1672576800,_5FBE0EB4-B59A-4F56-9CC9-C00AA433006C,battery5,ABC,212.30764174899926
1672576800,_DC88677C-83A6-4B9A-A05F-578B8D5850EB,battery2,ABC,200.0
1672576800,_76CBB3CE-2D4C-4392-A1CD-AAEBC2AB5FA5,battery3,ABC,100.0
1672576800,_B42011D9-38A0-4D06-8C84-49836267E66B,battery4,ABC,0.0
1672576800,_50310945-A608-4A94-98A9-B6E45510F0BF,battery1,ABC,125.0
1672577400,_5FBE0EB4-B59A-4F56-9CC9-C00AA433006C,battery5,ABC,162.492037714
1672577400,_DC88677C-83A6-4B9A-A05F-578B8D5850EB,battery2,ABC,200.0
1672577400,_76CBB3CE-2D4C-4392-A1CD-AAEBC2AB5FA5,battery3,ABC,100.0
1672577400,_B42011D9-38A0-4D06-8C84-49836267E66B,battery4,ABC,0.0
1672577400,_50310945-A608-4A94-98A9-B6E45510F0BF,battery1,ABC,125.0
1672578000,_5FBE0EB4-B59A-4F56-9CC9-C00AA433006C,battery5,ABC,161.68429300000037
1672578000,_DC88677C-83A6-4B9A-A05F-578B8D5850EB,battery2,ABC,200.0
1672578000,_76CBB3CE-2D4C-4392-A1CD-AAEBC2AB5FA5,battery3,ABC,100.0
1672578000,_B42011D9-38A0-4D06-8C84-49836267E66B,battery4,ABC,0.0
1672578000,_50310945-A608-4A94-98A9-B6E45510F0BF,battery1,ABC,125.0
1672578600,_5FBE0EB4-B59A-4F56-9CC9-C00AA433006C,battery5,ABC,192.85214040799983
1672578600,_DC88677C-83A6-4B9A-A05F-578B8D5850EB,battery2,ABC,200.0
1672578600,_76CBB3CE-2D4C-4392-A1CD-AAEBC2AB5FA5,battery3,ABC,0.0
1672578600,_B42011D9-38A0-4D06-8C84-49836267E66B,battery4,ABC,0.0
1672578600,_50310945-A608-4A94-98A9-B6E45510F0BF,battery1,ABC,125.0
1672579200,_5FBE0EB4-B59A-4F56-9CC9-C00AA433006C,battery5,ABC,-0.0
1672579200,_DC88677C-83A6-4B9A-A05F-578B8D5850EB,battery2,ABC,200.0
1672579200,_76CBB3CE-2D4C-4392-A1CD-AAEBC2AB5FA5,battery3,ABC,-0.0
1672579200,_B42011D9-38A0-4D06-8C84-49836267E66B,battery4,ABC,150.0
1672579200,_50310945-A608-4A94-98A9-B6E45510F0BF,battery1,ABC,83.4442706229996
1672579800,_5FBE0EB4-B59A-4F56-9CC9-C00AA433006C,battery5,ABC,0.0
1672579800,_DC88677C-83A6-4B9A-A05F-578B8D5850EB,battery2,ABC,161.13272401299977
1672579800,_76CBB3CE-2D4C-4392-A1CD-AAEBC2AB5FA5,battery3,ABC,0.0
1672579800,_B42011D9-38A0-4D06-8C84-49836267E66B,battery4,ABC,0.0
1672579800,_50310945-A608-4A94-98A9-B6E45510F0BF,battery1,ABC,125.0
1672580400,_5FBE0EB4-B59A-4F56-9CC9-C00AA433006C,battery5,ABC,0.0
1672580400,_DC88677C-83A6-4B9A-A05F-578B8D5850EB,battery2,ABC,113.47607757999992
1672580400,_76CBB3CE-2D4C-4392-A1CD-AAEBC2AB5FA5,battery3,ABC,0.0
1672580400,_B42011D9-38A0-4D06-8C84-49836267E66B,battery4,ABC,0.0
1672580400,_50310945-A608-4A94-98A9-B6E45510F0BF,battery1,ABC,125.0
1672581000,_5FBE0EB4-B59A-4F56-9CC9-C00AA433006C,battery5,ABC,0.0
1672581000,_DC88677C-83A6-4B9A-A05F-578B8D5850EB,battery2,ABC,187.5228297090005
1672581000,_76CBB3CE-2D4C-4392-A1CD-AAEBC2AB5FA5,battery3,ABC,0.0
1672581000,_B42011D9-38A0-4D06-8C84-49836267E66B,battery4,ABC,0.0
1672581000,_50310945-A608-4A94-98A9-B6E45510F0BF,battery1,ABC,0.0
1672581600,_5FBE0EB4-B59A-4F56-9CC9-C00AA433006C,battery5,ABC,156.58217707799963
1672581600,_DC88677C-83A6-4B9A-A05F-578B8D5850EB,battery2,ABC,-8.526512829121202e-14
1672581600,_76CBB3CE-2D4C-4392-A1CD-AAEBC2AB5FA5,battery3,ABC,0.0
1672581600,_B42011D9-38A0-4D06-8C84-49836267E66B,battery4,ABC,0.0
1672581600,_50310945-A608-4A94-98A9-B6E45510F0BF,battery1,ABC,0.0
1672582200,_5FBE0EB4-B59A-4F56-9CC9-C00AA433006C,battery5,ABC,-0.0
1672582200,_DC88677C-83A6-4B9A-A05F-578B8D5850EB,battery2,ABC,0.0
1672582200,_76CBB3CE-2D4C-4392-A1CD-AAEBC2AB5FA5,battery3,ABC,86.24447664899958
1672582200,_B42011D9-38A0-4D06-8C84-49836267E66B,battery4,ABC,-0.0
1672582200,_50310945-A608-4A94-98A9-B6E45510F0BF,battery1,ABC,-0.0
1672582800,_5FBE0EB4-B59A-4F56-9CC9-C00AA433006C,battery5,ABC,0.0
1672582800,_DC88677C-83A6-4B9A-A05F-578B8D5850EB,battery2,ABC,-25.74202395000006
1672582800,_76CBB3CE-2D4C-4392-A1CD-AAEBC2AB5FA5,battery3,ABC,0.0
1672582800,_B42011D9-38A0-4D06-8C84-49836267E66B,battery4,ABC,0.0
1672582800,_50310945-A608-4A94-98A9-B6E45510F0BF,battery1,ABC,0.0
1672583400,_5FBE0EB4-B59A-4F56-9CC9-C00AA433006C,battery5,ABC,-0.0
1672583400,_DC88677C-83A6-4B9A-A05F-578B8D5850EB,battery2,ABC,-0.0
1672583400,_76CBB3CE-2D4C-4392-A1CD-AAEBC2AB5FA5,battery3,ABC,-87.1461212529998
1672583400,_B42011D9-38A0-4D06-8C84-49836267E66B,battery4,ABC,0.0
1672583400,_50310945-A608-4A94-98A9-B6E45510F0BF,battery1,ABC,-125.0
1672584000,_5FBE0EB4-B59A-4F56-9CC9-C00AA433006C,battery5,ABC,0.0
1672584000,_DC88677C-83A6-4B9A-A05F-578B8D5850EB,battery2,ABC,-198.56212245899985
1672584000,_76CBB3CE-2D4C-4392-A1CD-AAEBC2AB5FA5,battery3,ABC,0.0
1672584000,_B42011D9-38A0-4D06-8C84-49836267E66B,battery4,ABC,0.0
1672584000,_50310945-A608-4A94-98A9-B6E45510F0BF,battery1,ABC,0.0
1672584600,_5FBE0EB4-B59A-4F56-9CC9-C00AA433006C,battery5,ABC,-0.0
1672584600,_DC88677C-83A6-4B9A-A05F-578B8D5850EB,battery2,ABC,0.0
1672584600,_76CBB3CE-2D4C-4392-A1CD-AAEBC2AB5FA5,battery3,ABC,-100.0
1672584600,_B42011D9-38A0-4D06-8C84-49836267E66B,battery4,ABC,-36.55978303500072
1672584600,_50310945-A608-4A94-98A9-B6E45510F0BF,battery1,ABC,-125.0
1672585200,_5FBE0EB4-B59A-4F56-9CC9-C00AA433006C,battery5,ABC,0.0
1672585200,_DC88677C-83A6-4B9A-A05F-578B8D5850EB,battery2,ABC,-146.58403191100007
1672585200,_76CBB3CE-2D4C-4392-A1CD-AAEBC2AB5FA5,battery3,ABC,-0.0
1672585200,_B42011D9-38A0-4D06-8C84-49836267E66B,battery4,ABC,-0.0
1672585200,_50310945-A608-4A94-98A9-B6E45510F0BF,battery1,ABC,-125.0
1672585800,_5FBE0EB4-B59A-4F56-9CC9-C00AA433006C,battery5,ABC,-250.0
1672585800,_DC88677C-83A6-4B9A-A05F-578B8D5850EB,battery2,ABC,-110.32134809899962
1672585800,_76CBB3CE-2D4C-4392-A1CD-AAEBC2AB5FA5,battery3,ABC,0.0
1672585800,_B42011D9-38A0-4D06-8C84-49836267E66B,battery4,ABC,0.0
1672585800,_50310945-A608-4A94-98A9-B6E45510F0BF,battery1,ABC,0.0
1672586400,_5FBE0EB4-B59A-4F56-9CC9-C00AA433006C,battery5,ABC,-250.0
1672586400,_DC88677C-83A6-4B9A-A05F-578B8D5850EB,battery2,ABC,-200.0
1672586400,_76CBB3CE-2D4C-4392-A1CD-AAEBC2AB5FA5,battery3,ABC,-14.327079593999741
1672586400,_B42011D9-38A0-4D06-8C84-49836267E66B,battery4,ABC,0.0
1672586400,_50310945-A608-4A94-98A9-B6E45510F0BF,battery1,ABC,0.0
1672587000,_5FBE0EB4-B59A-4F56-9CC9-C00AA433006C,battery5,ABC,-249.99999999999994
1672587000,_DC88677C-83A6-4B9A-A05F-578B8D5850EB,battery2,ABC,-81.91883889500056
1672587000,_76CBB3CE-2D4C-4392-A1CD-AAEBC2AB5FA5,battery3,ABC,-100.0
1672587000,_B42011D9-38A0-4D06-8C84-49836267E66B,battery4,ABC,-150.0
1672587000,_50310945-A608-4A94-98A9-B6E45510F0BF,battery1,ABC,-125.0
1672587600,_5FBE0EB4-B59A-4F56-9CC9-C00AA433006C,battery5,ABC,-250.0
1672587600,_DC88677C-83A6-4B9A-A05F-578B8D5850EB,battery2,ABC,-200.0
1672587600,_76CBB3CE-2D4C-4392-A1CD-AAEBC2AB5FA5,battery3,ABC,-100.0
1672587600,_B42011D9-38A0-4D06-8C84-49836267E66B,battery4,ABC,-150.0
1672587600,_50310945-A608-4A94-98A9-B6E45510F0BF,battery1,ABC,-112.35602726300039
1672588200,_5FBE0EB4-B59A-4F56-9CC9-C00AA433006C,battery5,ABC,-250.0
1672588200,_DC88677C-83A6-4B9A-A05F-578B8D5850EB,battery2,ABC,-200.0
1672588200,_76CBB3CE-2D4C-4392-A1CD-AAEBC2AB5FA5,battery3,ABC,-100.0
1672588200,_B42011D9-38A0-4D06-8C84-49836267E66B,battery4,ABC,-150.0
1672588200,_50310945-A608-4A94-98A9-B6E45510F0BF,battery1,ABC,-125.0
1672588800,_5FBE0EB4-B59A-4F56-9CC9-C00AA433006C,battery5,ABC,-250.0
1672588800,_DC88677C-83A6-4B9A-A05F-578B8D5850EB,battery2,ABC,-200.0
1672588800,_76CBB3CE-2D4C-4392-A1CD-AAEBC2AB5FA5,battery3,ABC,-100.0
1672588800,_B42011D9-38A0-4D06-8C84-49836267E66B,battery4,ABC,-150.0
1672588800,_50310945-A608-4A94-98A9-B6E45510F0BF,battery1,ABC,-125.0
1672589400,_5FBE0EB4-B59A-4F56-9CC9-C00AA433006C,battery5,ABC,-250.0
1672589400,_DC88677C-83A6-4B9A-A05F-578B8D5850EB,battery2,ABC,-200.0
1672589400,_76CBB3CE-2D4C-4392-A1CD-AAEBC2AB5FA5,battery3,ABC,-87.07600460205929
1672589400,_B42011D9-38A0-4D06-8C84-49836267E66B,battery4,ABC,-150.0
1672589400,_50310945-A608-4A94-98A9-B6E45510F0BF,battery1,ABC,-125.00000000000023
1672590000,_5FBE0EB4-B59A-4F56-9CC9-C00AA433006C,battery5,ABC,-147.7103745509332
1672590000,_DC88677C-83A6-4B9A-A05F-578B8D5850EB,battery2,ABC,-200.00000000000006
1672590000,_76CBB3CE-2D4C-4392-A1CD-AAEBC2AB5FA5,battery3,ABC,-25.970926549201632
1672590000,_B42011D9-38A0-4D06-8C84-49836267E66B,battery4,ABC,-150.0
1672590000,_50310945-A608-4A94-98A9-B6E45510F0BF,battery1,ABC,-125.0
1672590600,_5FBE0EB4-B59A-4F56-9CC9-C00AA433006C,battery5,ABC,-37.955563231585224
1672590600,_DC88677C-83A6-4B9A-A05F-578B8D5850EB,battery2,ABC,-200.0
1672590600,_76CBB3CE-2D4C-4392-A1CD-AAEBC2AB5FA5,battery3,ABC,-3.7479210129430527
1672590600,_B42011D9-38A0-4D06-8C84-49836267E66B,battery4,ABC,-91.72860690894974
1672590600,_50310945-A608-4A94-98A9-B6E45510F0BF,battery1,ABC,-82.87681169633021
1672591200,_5FBE0EB4-B59A-4F56-9CC9-C00AA433006C,battery5,ABC,-8.73339218301733
1672591200,_DC88677C-83A6-4B9A-A05F-578B8D5850EB,battery2,ABC,-127.95332466026238
1672591200,_76CBB3CE-2D4C-4392-A1CD-AAEBC2AB5FA5,battery3,ABC,-0.5456697834267743
1672591200,_B42011D9-38A0-4D06-8C84-49836267E66B,battery4,ABC,-26.39870094982666
1672591200,_50310945-A608-4A94-98A9-B6E45510F0BF,battery1,ABC,-24.09155737277191
1672591800,_5FBE0EB4-B59A-4F56-9CC9-C00AA433006C,battery5,ABC,0.7208453632550551
1672591800,_DC88677C-83A6-4B9A-A05F-578B8D5850EB,battery2,ABC,-0.0
1672591800,_76CBB3CE-2D4C-4392-A1CD-AAEBC2AB5FA5,battery3,ABC,0.20737608076606406
1672591800,_B42011D9-38A0-4D06-8C84-49836267E66B,battery4,ABC,-0.0
1672591800,_50310945-A608-4A94-98A9-B6E45510F0BF,battery1,ABC,-0.0
1672592400,_5FBE0EB4-B59A-4F56-9CC9-C00AA433006C,battery5,ABC,1.0042201100303454
1672592400,_DC88677C-83A6-4B9A-A05F-578B8D5850EB,battery2,ABC,-0.0
1672592400,_76CBB3CE-2D4C-4392-A1CD-AAEBC2AB5FA5,battery3,ABC,0.13184880378633856
1672592400,_B42011D9-38A0-4D06-8C84-49836267E66B,battery4,ABC,1.7217250679942286
1672592400,_50310945-A608-4A94-98A9-B6E45510F0BF,battery1,ABC,1.4888666054322375
1672593000,_5FBE0EB4-B59A-4F56-9CC9-C00AA433006C,battery5,ABC,0.3702700893536415
1672593000,_DC88677C-83A6-4B9A-A05F-578B8D5850EB,battery2,ABC,0.0
1672593000,_76CBB3CE-2D4C-4392-A1CD-AAEBC2AB5FA5,battery3,ABC,0.041159464240836385
1672593000,_B42011D9-38A0-4D06-8C84-49836267E66B,battery4,ABC,0.7166897614359624
1672593000,_50310945-A608-4A94-98A9-B6E45510F0BF,battery1,ABC,0.6197695483209231
1672593600,_5FBE0EB4-B59A-4F56-9CC9-C00AA433006C,battery5,ABC,0.12548400195411613
1672593600,_DC88677C-83A6-4B9A-A05F-578B8D5850EB,battery2,ABC,-0.0
1672593600,_76CBB3CE-2D4C-4392-A1CD-AAEBC2AB5FA5,battery3,ABC,0.013816653782328103
1672593600,_B42011D9-38A0-4D06-8C84-49836267E66B,battery4,ABC,0.24437108362690418
1672593600,_50310945-A608-4A94-98A9-B6E45510F0BF,battery1,ABC,0.2113262042127695
1672594200,_5FBE0EB4-B59A-4F56-9CC9-C00AA433006C,battery5,ABC,0.03967776270877499
1672594200,_DC88677C-83A6-4B9A-A05F-578B8D5850EB,battery2,ABC,-0.0
1672594200,_76CBB3CE-2D4C-4392-A1CD-AAEBC2AB5FA5,battery3,ABC,0.004361926959317586
1672594200,_B42011D9-38A0-4D06-8C84-49836267E66B,battery4,ABC,0.07735135097436396
1672594200,_50310945-A608-4A94-98A9-B6E45510F0BF,battery1,ABC,0.06689196107212414
1672594800,_5FBE0EB4-B59A-4F56-9CC9-C00AA433006C,battery5,ABC,0.008217064448201583
1672594800,_DC88677C-83A6-4B9A-A05F-578B8D5850EB,battery2,ABC,0.0
1672594800,_76CBB3CE-2D4C-4392-A1CD-AAEBC2AB5FA5,battery3,ABC,0.0009018809213667822
1672594800,_B42011D9-38A0-4D06-8C84-49836267E66B,battery4,ABC,0.01603707960456946
1672594800,_50310945-A608-4A94-98A9-B6E45510F0BF,battery1,ABC,0.013868681386440596
1672595400,_5FBE0EB4-B59A-4F56-9CC9-C00AA433006C,battery5,ABC,0.0025351547719938416
1672595400,_DC88677C-83A6-4B9A-A05F-578B8D5850EB,battery2,ABC,-0.0
1672595400,_76CBB3CE-2D4C-4392-A1CD-AAEBC2AB5FA5,battery3,ABC,0.0002781746848423694
1672595400,_B42011D9-38A0-4D06-8C84-49836267E66B,battery4,ABC,0.004948780817526366
1672595400,_50310945-A608-4A94-98A9-B6E45510F0BF,battery1,ABC,0.004279656323213921
1672596000,_5FBE0EB4-B59A-4F56-9CC9-C00AA433006C,battery5,ABC,0.000868838432055874
1672596000,_DC88677C-83A6-4B9A-A05F-578B8D5850EB,battery2,ABC,-0.0
1672596000,_76CBB3CE-2D4C-4392-A1CD-AAEBC2AB5FA5,battery3,ABC,9.533410847417656e-05
1672596000,_B42011D9-38A0-4D06-8C84-49836267E66B,battery4,ABC,0.0016960392905662758
1672596000,_50310945-A608-4A94-98A9-B6E45510F0BF,battery1,ABC,0.0014667180517902167
1672596600,_5FBE0EB4-B59A-4F56-9CC9-C00AA433006C,battery5,ABC,0.0002734055224717924
1672596600,_DC88677C-83A6-4B9A-A05F-578B8D5850EB,battery2,ABC,0.0
1672596600,_76CBB3CE-2D4C-4392-A1CD-AAEBC2AB5FA5,battery3,ABC,2.9999626161014703e-05
1672596600,_B42011D9-38A0-4D06-8C84-49836267E66B,battery4,ABC,0.000533709500039059
1672596600,_50310945-A608-4A94-98A9-B6E45510F0BF,battery1,ABC,0.00046154673498555177
1672597200,_5FBE0EB4-B59A-4F56-9CC9-C00AA433006C,battery5,ABC,1.7640616800651543e-05
1672597200,_DC88677C-83A6-4B9A-A05F-578B8D5850EB,battery2,ABC,-1.5676348768894031e-13
1672597200,_76CBB3CE-2D4C-4392-A1CD-AAEBC2AB5FA5,battery3,ABC,1.9356078073684557e-06
1672597200,_B42011D9-38A0-4D06-8C84-49836267E66B,battery4,ABC,3.4436355322853274e-05
1672597200,_50310945-A608-4A94-98A9-B6E45510F0BF,battery1,ABC,2.978023427857579e-05
1672597800,_5FBE0EB4-B59A-4F56-9CC9-C00AA433006C,battery5,ABC,3.555642447139462e-07
1672597800,_DC88677C-83A6-4B9A-A05F-578B8D5850EB,battery2,ABC,-19.939398697681984
1672597800,_76CBB3CE-2D4C-4392-A1CD-AAEBC2AB5FA5,battery3,ABC,3.9006264884733355e-08
1672597800,_B42011D9-38A0-4D06-8C84-49836267E66B,battery4,ABC,6.942613151039723e-07
1672597800,_50310945-A608-4A94-98A9-B6E45510F0BF,battery1,ABC,6.003955110855941e-07
1672598400,_5FBE0EB4-B59A-4F56-9CC9-C00AA433006C,battery5,ABC,3.082009647492612e-08
1672598400,_DC88677C-83A6-4B9A-A05F-578B8D5850EB,battery2,ABC,-6.38883423059444
1672598400,_76CBB3CE-2D4C-4392-A1CD-AAEBC2AB5FA5,battery3,ABC,3.3790303888281414e-09
1672598400,_B42011D9-38A0-4D06-8C84-49836267E66B,battery4,ABC,6.022204956934729e-08
1672598400,_50310945-A608-4A94-98A9-B6E45510F0BF,battery1,ABC,5.208083964092225e-08
1672599000,_5FBE0EB4-B59A-4F56-9CC9-C00AA433006C,battery5,ABC,9.027945058193154e-09
1672599000,_DC88677C-83A6-4B9A-A05F-578B8D5850EB,battery2,ABC,-1.9398221799653093
1672599000,_76CBB3CE-2D4C-4392-A1CD-AAEBC2AB5FA5,battery3,ABC,9.895639863088945e-10
1672599000,_B42011D9-38A0-4D06-8C84-49836267E66B,battery4,ABC,1.764338675158683e-08
1672599000,_50310945-A608-4A94-98A9-B6E45510F0BF,battery1,ABC,1.525840565008707e-08
1672599600,_5FBE0EB4-B59A-4F56-9CC9-C00AA433006C,battery5,ABC,2.3810953209135732e-09
1672599600,_DC88677C-83A6-4B9A-A05F-578B8D5850EB,battery2,ABC,-0.4456890899780972
1672599600,_76CBB3CE-2D4C-4392-A1CD-AAEBC2AB5FA5,battery3,ABC,2.610800464708518e-10
1672599600,_B42011D9-38A0-4D06-8C84-49836267E66B,battery4,ABC,4.6530557185064936e-09
1672599600,_50310945-A608-4A94-98A9-B6E45510F0BF,battery1,ABC,4.023836819300186e-09
1672600200,_5FBE0EB4-B59A-4F56-9CC9-C00AA433006C,battery5,ABC,4.1550096696596484e-10
1672600200,_DC88677C-83A6-4B9A-A05F-578B8D5850EB,battery2,ABC,-0.042145186798740575
1672600200,_76CBB3CE-2D4C-4392-A1CD-AAEBC2AB5FA5,battery3,ABC,4.565237077258644e-11
1672600200,_B42011D9-38A0-4D06-8C84-49836267E66B,battery4,ABC,8.125722317231521e-10
1672600200,_50310945-A608-4A94-98A9-B6E45510F0BF,battery1,ABC,7.022715742266428e-10
1672600800,_5FBE0EB4-B59A-4F56-9CC9-C00AA433006C,battery5,ABC,5.406119996109737e-11
1672600800,_DC88677C-83A6-4B9A-A05F-578B8D5850EB,battery2,ABC,0.006448055407415332
1672600800,_76CBB3CE-2D4C-4392-A1CD-AAEBC2AB5FA5,battery3,ABC,5.8619775700208265e-12
1672600800,_B42011D9-38A0-4D06-8C84-49836267E66B,battery4,ABC,1.056932319443149e-10
1672600800,_50310945-A608-4A94-98A9-B6E45510F0BF,battery1,ABC,9.120482147295661e-11
1672601400,_5FBE0EB4-B59A-4F56-9CC9-C00AA433006C,battery5,ABC,1.0096812708831893e-11
1672601400,_DC88677C-83A6-4B9A-A05F-578B8D5850EB,battery2,ABC,0.003522152311341564
1672601400,_76CBB3CE-2D4C-4392-A1CD-AAEBC2AB5FA5,battery3,ABC,8.881784197001252e-13
1672601400,_B42011D9-38A0-4D06-8C84-49836267E66B,battery4,ABC,1.9262369477246466e-11
1672601400,_50310945-A608-4A94-98A9-B6E45510F0BF,battery1,ABC,1.659783421814609e-11
1672602000,_5FBE0EB4-B59A-4F56-9CC9-C00AA433006C,battery5,ABC,1.1657341758564144e-12
1672602000,_DC88677C-83A6-4B9A-A05F-578B8D5850EB,battery2,ABC,0.0010774379060274342
1672602000,_76CBB3CE-2D4C-4392-A1CD-AAEBC2AB5FA5,battery3,ABC,1.7763568394002505e-13
1672602000,_B42011D9-38A0-4D06-8C84-49836267E66B,battery4,ABC,1.942890293094024e-12
1672602000,_50310945-A608-4A94-98A9-B6E45510F0BF,battery1,ABC,2.162714451969805e-12
1672602600,_5FBE0EB4-B59A-4F56-9CC9-C00AA433006C,battery5,ABC,-8.326672684688674e-14
1672602600,_DC88677C-83A6-4B9A-A05F-578B8D5850EB,battery2,ABC,0.00022879078565019026
1672602600,_76CBB3CE-2D4C-4392-A1CD-AAEBC2AB5FA5,battery3,ABC,1.3322676295501878e-13
1672602600,_B42011D9-38A0-4D06-8C84-49836267E66B,battery4,ABC,-1.6653345369377348e-13
1672602600,_50310945-A608-4A94-98A9-B6E45510F0BF,battery1,ABC,-4.749533828295877e-13
1672603200,_5FBE0EB4-B59A-4F56-9CC9-C00AA433006C,battery5,ABC,-8.326672684688674e-14
1672603200,_DC88677C-83A6-4B9A-A05F-578B8D5850EB,battery2,ABC,7.547994149703641e-05
1672603200,_76CBB3CE-2D4C-4392-A1CD-AAEBC2AB5FA5,battery3,ABC,1.3322676295501878e-13
1672603200,_B42011D9-38A0-4D06-8C84-49836267E66B,battery4,ABC,-1.6653345369377348e-13
1672603200,_50310945-A608-4A94-98A9-B6E45510F0BF,battery1,ABC,1.4854784069484595e-13
1672603800,_5FBE0EB4-B59A-4F56-9CC9-C00AA433006C,battery5,ABC,-1.0169642905566434e-13
1672603800,_DC88677C-83A6-4B9A-A05F-578B8D5850EB,battery2,ABC,2.243189853867733e-05
1672603800,_76CBB3CE-2D4C-4392-A1CD-AAEBC2AB5FA5,battery3,ABC,1.3322676295501878e-13
1672603800,_B42011D9-38A0-4D06-8C84-49836267E66B,battery4,ABC,-1.6653345369377348e-13
1672603800,_50310945-A608-4A94-98A9-B6E45510F0BF,battery1,ABC,1.1102230246251565e-13
1672604400,_5FBE0EB4-B59A-4F56-9CC9-C00AA433006C,battery5,ABC,-2.216005148681483e-13
1672604400,_DC88677C-83A6-4B9A-A05F-578B8D5850EB,battery2,ABC,7.104071331198724e-06
1672604400,_76CBB3CE-2D4C-4392-A1CD-AAEBC2AB5FA5,battery3,ABC,1.3322676295501878e-13
1672604400,_B42011D9-38A0-4D06-8C84-49836267E66B,battery4,ABC,-1.6653345369377348e-13
1672604400,_50310945-A608-4A94-98A9-B6E45510F0BF,battery1,ABC,1.1102230246251565e-13
1672605000,_5FBE0EB4-B59A-4F56-9CC9-C00AA433006C,battery5,ABC,-8.326672684688674e-14
1672605000,_DC88677C-83A6-4B9A-A05F-578B8D5850EB,battery2,ABC,1.5565369659853445e-06
1672605000,_76CBB3CE-2D4C-4392-A1CD-AAEBC2AB5FA5,battery3,ABC,1.3322676295501878e-13
1672605000,_B42011D9-38A0-4D06-8C84-49836267E66B,battery4,ABC,-1.6653345369377348e-13
1672605000,_50310945-A608-4A94-98A9-B6E45510F0BF,battery1,ABC,2.3647750424515834e-13
1672605600,_5FBE0EB4-B59A-4F56-9CC9-C00AA433006C,battery5,ABC,-2.482458682797152e-13
1672605600,_DC88677C-83A6-4B9A-A05F-578B8D5850EB,battery2,ABC,2.3828619077903565e-07
1672605600,_76CBB3CE-2D4C-4392-A1CD-AAEBC2AB5FA5,battery3,ABC,1.3322676295501878e-13
1672605600,_B42011D9-38A0-4D06-8C84-49836267E66B,battery4,ABC,-1.6653345369377348e-13
1672605600,_50310945-A608-4A94-98A9-B6E45510F0BF,battery1,ABC,1.1102230246251565e-13
1672606200,_5FBE0EB4-B59A-4F56-9CC9-C00AA433006C,battery5,ABC,-8.326672684688674e-14
1672606200,_DC88677C-83A6-4B9A-A05F-578B8D5850EB,battery2,ABC,4.769751260624844e-08
1672606200,_76CBB3CE-2D4C-4392-A1CD-AAEBC2AB5FA5,battery3,ABC,1.3322676295501878e-13
1672606200,_B42011D9-38A0-4D06-8C84-49836267E66B,battery4,ABC,-1.6653345369377348e-13
1672606200,_50310945-A608-4A94-98A9-B6E45510F0BF,battery1,ABC,2.5779378631796135e-13
1672606800,_5FBE0EB4-B59A-4F56-9CC9-C00AA433006C,battery5,ABC,-8.326672684688674e-14
1672606800,_DC88677C-83A6-4B9A-A05F-578B8D5850EB,battery2,ABC,1.5868439895427855e-08
1672606800,_76CBB3CE-2D4C-4392-A1CD-AAEBC2AB5FA5,battery3,ABC,1.3322676295501878e-13
1672606800,_B42011D9-38A0-4D06-8C84-49836267E66B,battery4,ABC,-1.6653345369377348e-13
1672606800,_50310945-A608-4A94-98A9-B6E45510F0BF,battery1,ABC,1.9917401061775308e-13
1672607400,_5FBE0EB4-B59A-4F56-9CC9-C00AA433006C,battery5,ABC,-1.0436096431476471e-13
1672607400,_DC88677C-83A6-4B9A-A05F-578B8D5850EB,battery2,ABC,5.416067594410379e-09
1672607400,_76CBB3CE-2D4C-4392-A1CD-AAEBC2AB5FA5,battery3,ABC,1.3322676295501878e-13
1672607400,_B42011D9-38A0-4D06-8C84-49836267E66B,battery4,ABC,-1.6653345369377348e-13
1672607400,_50310945-A608-4A94-98A9-B6E45510F0BF,battery1,ABC,1.1102230246251565e-13
1672608000,_5FBE0EB4-B59A-4F56-9CC9-C00AA433006C,battery5,ABC,-8.326672684688674e-14
1672608000,_DC88677C-83A6-4B9A-A05F-578B8D5850EB,battery2,ABC,1.6690648863004751e-09
1672608000,_76CBB3CE-2D4C-4392-A1CD-AAEBC2AB5FA5,battery3,ABC,1.3322676295501878e-13
1672608000,_B42011D9-38A0-4D06-8C84-49836267E66B,battery4,ABC,-1.6653345369377348e-13
1672608000,_50310945-A608-4A94-98A9-B6E45510F0BF,battery1,ABC,2.0183854587706025e-13
1672608600,_5FBE0EB4-B59A-4F56-9CC9-C00AA433006C,battery5,ABC,-1.1235457009206584e-13
1672608600,_DC88677C-83A6-4B9A-A05F-578B8D5850EB,battery2,ABC,4.703570866126938e-10
1672608600,_76CBB3CE-2D4C-4392-A1CD-AAEBC2AB5FA5,battery3,ABC,1.3322676295501878e-13
1672608600,_B42011D9-38A0-4D06-8C84-49836267E66B,battery4,ABC,-1.6653345369377348e-13
1672608600,_50310945-A608-4A94-98A9-B6E45510F0BF,battery1,ABC,1.1102230246251565e-13
1672609200,_5FBE0EB4-B59A-4F56-9CC9-C00AA433006C,battery5,ABC,-1.176836406102666e-13
1672609200,_DC88677C-83A6-4B9A-A05F-578B8D5850EB,battery2,ABC,1.347588707290015e-10
1672609200,_76CBB3CE-2D4C-4392-A1CD-AAEBC2AB5FA5,battery3,ABC,1.3322676295501878e-13
1672609200,_B42011D9-38A0-4D06-8C84-49836267E66B,battery4,ABC,-1.6653345369377348e-13
1672609200,_50310945-A608-4A94-98A9-B6E45510F0BF,battery1,ABC,1.1102230246251565e-13
1672609800,_5FBE0EB4-B59A-4F56-9CC9-C00AA433006C,battery5,ABC,-1.1235457009206584e-13
1672609800,_DC88677C-83A6-4B9A-A05F-578B8D5850EB,battery2,ABC,3.5504932327512506e-11
1672609800,_76CBB3CE-2D4C-4392-A1CD-AAEBC2AB5FA5,battery3,ABC,1.3322676295501878e-13
1672609800,_B42011D9-38A0-4D06-8C84-49836267E66B,battery4,ABC,-1.6653345369377348e-13
1672609800,_50310945-A608-4A94-98A9-B6E45510F0BF,battery1,ABC,1.1102230246251565e-13
1672610400,_5FBE0EB4-B59A-4F56-9CC9-C00AA433006C,battery5,ABC,-8.326672684688674e-14
1672610400,_DC88677C-83A6-4B9A-A05F-578B8D5850EB,battery2,ABC,5.728750807065808e-12
1672610400,_76CBB3CE-2D4C-4392-A1CD-AAEBC2AB5FA5,battery3,ABC,1.3322676295501878e-13
1672610400,_B42011D9-38A0-4D06-8C84-49836267E66B,battery4,ABC,-1.6653345369377348e-13
1672610400,_50310945-A608-4A94-98A9-B6E45510F0BF,battery1,ABC,1.858513343222512e-13
1672611000,_5FBE0EB4-B59A-4F56-9CC9-C00AA433006C,battery5,ABC,-1.1235457009206584e-13
1672611000,_DC88677C-83A6-4B9A-A05F-578B8D5850EB,battery2,ABC,1.3988810110276972e-12
1672611000,_76CBB3CE-2D4C-4392-A1CD-AAEBC2AB5FA5,battery3,ABC,1.3322676295501878e-13
1672611000,_B42011D9-38A0-4D06-8C84-49836267E66B,battery4,ABC,-1.6653345369377348e-13
1672611000,_50310945-A608-4A94-98A9-B6E45510F0BF,battery1,ABC,1.1102230246251565e-13
1672611600,_5FBE0EB4-B59A-4F56-9CC9-C00AA433006C,battery5,ABC,-8.326672684688674e-14
1672611600,_DC88677C-83A6-4B9A-A05F-578B8D5850EB,battery2,ABC,5.329070518200751e-13
1672611600,_76CBB3CE-2D4C-4392-A1CD-AAEBC2AB5FA5,battery3,ABC,1.3322676295501878e-13
1672611600,_B42011D9-38A0-4D06-8C84-49836267E66B,battery4,ABC,-1.6653345369377348e-13
1672611600,_50310945-A608-4A94-98A9-B6E45510F0BF,battery1,ABC,2.657873920952625e-13
1672612200,_5FBE0EB4-B59A-4F56-9CC9-C00AA433006C,battery5,ABC,-8.326672684688674e-14
1672612200,_DC88677C-83A6-4B9A-A05F-578B8D5850EB,battery2,ABC,-1.3322676295501878e-13
1672612200,_76CBB3CE-2D4C-4392-A1CD-AAEBC2AB5FA5,battery3,ABC,1.3322676295501878e-13
1672612200,_B42011D9-38A0-4D06-8C84-49836267E66B,battery4,ABC,-1.6653345369377348e-13
1672612200,_50310945-A608-4A94-98A9-B6E45510F0BF,battery1,ABC,2.498001805406602e-13
1672612800,_5FBE0EB4-B59A-4F56-9CC9-C00AA433006C,battery5,ABC,-8.326672684688674e-14
1672612800,_DC88677C-83A6-4B9A-A05F-578B8D5850EB,battery2,ABC,-1.3322676295501878e-13
1672612800,_76CBB3CE-2D4C-4392-A1CD-AAEBC2AB5FA5,battery3,ABC,1.3322676295501878e-13
1672612800,_B42011D9-38A0-4D06-8C84-49836267E66B,battery4,ABC,-1.6653345369377348e-13
1672612800,_50310945-A608-4A94-98A9-B6E45510F0BF,battery1,ABC,2.498001805406602e-13
1672613400,_5FBE0EB4-B59A-4F56-9CC9-C00AA433006C,battery5,ABC,-8.326672684688674e-14
1672613400,_DC88677C-83A6-4B9A-A05F-578B8D5850EB,battery2,ABC,-1.3322676295501878e-13
1672613400,_76CBB3CE-2D4C-4392-A1CD-AAEBC2AB5FA5,battery3,ABC,1.3322676295501878e-13
1672613400,_B42011D9-38A0-4D06-8C84-49836267E66B,battery4,ABC,-1.6653345369377348e-13
1672613400,_50310945-A608-4A94-98A9-B6E45510F0BF,battery1,ABC,2.498001805406602e-13
1672614000,_5FBE0EB4-B59A-4F56-9CC9-C00AA433006C,battery5,ABC,-8.326672684688674e-14
1672614000,_DC88677C-83A6-4B9A-A05F-578B8D5850EB,battery2,ABC,-1.3322676295501878e-13
1672614000,_76CBB3CE-2D4C-4392-A1CD-AAEBC2AB5FA5,battery3,ABC,1.3322676295501878e-13
1672614000,_B42011D9-38A0-4D06-8C84-49836267E66B,battery4,ABC,-1.6653345369377348e-13
1672614000,_50310945-A608-4A94-98A9-B6E45510F0BF,battery1,ABC,2.498001805406602e-13
1672614600,_5FBE0EB4-B59A-4F56-9CC9-C00AA433006C,battery5,ABC,-1.1501910535116622e-13
1672614600,_DC88677C-83A6-4B9A-A05F-578B8D5850EB,battery2,ABC,-1.3322676295501878e-13
1672614600,_76CBB3CE-2D4C-4392-A1CD-AAEBC2AB5FA5,battery3,ABC,1.3322676295501878e-13
1672614600,_B42011D9-38A0-4D06-8C84-49836267E66B,battery4,ABC,-1.6653345369377348e-13
1672614600,_50310945-A608-4A94-98A9-B6E45510F0BF,battery1,ABC,1.1102230246251565e-13
1672615200,_5FBE0EB4-B59A-4F56-9CC9-C00AA433006C,battery5,ABC,-1.1501910535116622e-13
1672615200,_DC88677C-83A6-4B9A-A05F-578B8D5850EB,battery2,ABC,-1.3322676295501878e-13
1672615200,_76CBB3CE-2D4C-4392-A1CD-AAEBC2AB5FA5,battery3,ABC,1.3322676295501878e-13
1672615200,_B42011D9-38A0-4D06-8C84-49836267E66B,battery4,ABC,-1.6653345369377348e-13
1672615200,_50310945-A608-4A94-98A9-B6E45510F0BF,battery1,ABC,1.1102230246251565e-13
1672615800,_5FBE0EB4-B59A-4F56-9CC9-C00AA433006C,battery5,ABC,-1.1501910535116622e-13
1672615800,_DC88677C-83A6-4B9A-A05F-578B8D5850EB,battery2,ABC,-1.3322676295501878e-13
1672615800,_76CBB3CE-2D4C-4392-A1CD-AAEBC2AB5FA5,battery3,ABC,1.3322676295501878e-13
1672615800,_B42011D9-38A0-4D06-8C84-49836267E66B,battery4,ABC,-1.6653345369377348e-13
1672615800,_50310945-A608-4A94-98A9-B6E45510F0BF,battery1,ABC,1.1102230246251565e-13
1672616400,_5FBE0EB4-B59A-4F56-9CC9-C00AA433006C,battery5,ABC,-1.1501910535116622e-13
1672616400,_DC88677C-83A6-4B9A-A05F-578B8D5850EB,battery2,ABC,-1.3322676295501878e-13
1672616400,_76CBB3CE-2D4C-4392-A1CD-AAEBC2AB5FA5,battery3,ABC,1.3322676295501878e-13
1672616400,_B42011D9-38A0-4D06-8C84-49836267E66B,battery4,ABC,-1.6653345369377348e-13
1672616400,_50310945-A608-4A94-98A9-B6E45510F0BF,battery1,ABC,1.1102230246251565e-13
1672617000,_5FBE0EB4-B59A-4F56-9CC9-C00AA433006C,battery5,ABC,-1.1501910535116622e-13
1672617000,_DC88677C-83A6-4B9A-A05F-578B8D5850EB,battery2,ABC,-1.3322676295501878e-13
1672617000,_76CBB3CE-2D4C-4392-A1CD-AAEBC2AB5FA5,battery3,ABC,1.3322676295501878e-13
1672617000,_B42011D9-38A0-4D06-8C84-49836267E66B,battery4,ABC,-1.6653345369377348e-13
1672617000,_50310945-A608-4A94-98A9-B6E45510F0BF,battery1,ABC,1.1102230246251565e-13
