time,mrid,battery,phases,p_a,p_b,p_c,soc
1672531200,_5FBE0EB4-B59A-4F56-9CC9-C00AA433006C,battery5,ABC,83.333333333,83.333333333,83.333333333,55.00000000000001
1672531200,_DC88677C-83A6-4B9A-A05F-578B8D5850EB,battery2,ABC,66.666666667,66.666666667,66.666666667,40.0
1672531200,_76CBB3CE-2D4C-4392-A1CD-AAEBC2AB5FA5,battery3,ABC,33.333333333,33.333333333,33.333333333,35.0
1672531200,_B42011D9-38A0-4D06-8C84-49836267E66B,battery4,ABC,50.0,50.0,50.0,75.0
1672531200,_50310945-A608-4A94-98A9-B6E45510F0BF,battery1,ABC,41.666666667,41.666666667,41.666666667,60.0
1672531800,_5FBE0EB4-B59A-4F56-9CC9-C00AA433006C,battery5,ABC,-83.333333333,-83.333333333,-83.333333333,49.35314513658023
1672531800,_DC88677C-83A6-4B9A-A05F-578B8D5850EB,battery2,ABC,-66.666666667,-66.666666667,-66.666666667,34.353145136580274
1672531800,_76CBB3CE-2D4C-4392-A1CD-AAEBC2AB5FA5,battery3,ABC,-33.333333333,-33.333333333,-33.333333333,30.76485885243521
1672531800,_B42011D9-38A0-4D06-8C84-49836267E66B,battery4,ABC,-50.0,-50.0,-50.0,69.91783062292224
1672531800,_50310945-A608-4A94-98A9-B6E45510F0BF,battery1,ABC,-41.666666667,-41.666666667,-41.666666667,55.76485885243516
1672532400,_5FBE0EB4-B59A-4F56-9CC9-C00AA433006C,battery5,ABC,-83.333333333,-83.333333333,-83.333333333,43.521106786358786
1672532400,_DC88677C-83A6-4B9A-A05F-578B8D5850EB,battery2,ABC,-66.666666667,-66.666666667,-66.666666667,28.52110678635883
1672532400,_76CBB3CE-2D4C-4392-A1CD-AAEBC2AB5FA5,battery3,ABC,-33.333333333,-33.333333333,-33.333333333,26.390830089769135
1672532400,_B42011D9-38A0-4D06-8C84-49836267E66B,battery4,ABC,-50.0,-50.0,-50.0,64.66899610772293
1672532400,_50310945-A608-4A94-98A9-B6E45510F0BF,battery1,ABC,-41.666666667,-41.666666667,-41.666666667,51.39083008976905
1672533000,_5FBE0EB4-B59A-4F56-9CC9-C00AA433006C,battery5,ABC,-83.333333333,-83.333333333,-83.333333333,37.68906843613734
1672533000,_DC88677C-83A6-4B9A-A05F-578B8D5850EB,battery2,ABC,-66.666666667,-66.666666667,-66.666666667,22.689068436137383
1672533000,_76CBB3CE-2D4C-4392-A1CD-AAEBC2AB5FA5,battery3,ABC,-33.333333333,-33.333333333,-33.333333333,22.01680132710304
1672533000,_B42011D9-38A0-4D06-8C84-49836267E66B,battery4,ABC,-50.0,-50.0,-50.0,59.42016159252363
1672533000,_50310945-A608-4A94-98A9-B6E45510F0BF,battery1,ABC,-41.666666667,-41.666666667,-41.666666667,47.01680132710296
1672533600,_5FBE0EB4-B59A-4F56-9CC9-C00AA433006C,battery5,ABC,-83.333333333,-83.333333333,-83.333333333,31.857030085915895
1672533600,_DC88677C-83A6-4B9A-A05F-578B8D5850EB,battery2,ABC,-21.512547489,-21.512547489,-21.512547489,20.797071754946725
1672533600,_76CBB3CE-2D4C-4392-A1CD-AAEBC2AB5FA5,battery3,ABC,-10.756273745,-10.756273745,-10.756273745,20.597803816210032
1672533600,_B42011D9-38A0-4D06-8C84-49836267E66B,battery4,ABC,-50.0,-50.0,-50.0,54.171327077324314
1672533600,_50310945-A608-4A94-98A9-B6E45510F0BF,battery1,ABC,-41.666666667,-41.666666667,-41.666666667,42.64277256443689
1672534200,_5FBE0EB4-B59A-4F56-9CC9-C00AA433006C,battery5,ABC,-83.333333333,-83.333333333,-83.333333333,26.024991735694442
1672534200,_DC88677C-83A6-4B9A-A05F-578B8D5850EB,battery2,ABC,-6.37657404,-6.37657404,-6.37657404,20.209532681921623
1672534200,_76CBB3CE-2D4C-4392-A1CD-AAEBC2AB5FA5,battery3,ABC,-3.18828702,-3.18828702,-3.18828702,20.157149511441215
1672534200,_B42011D9-38A0-4D06-8C84-49836267E66B,battery4,ABC,-50.0,-50.0,-50.0,48.92249256212501
1672534200,_50310945-A608-4A94-98A9-B6E45510F0BF,battery1,ABC,-41.666666667,-41.666666667,-41.666666667,38.26874380177082
1672534800,_5FBE0EB4-B59A-4F56-9CC9-C00AA433006C,battery5,ABC,-60.249917357,-60.249917357,-60.249917357,21.72116927121704
1672534800,_DC88677C-83A6-4B9A-A05F-578B8D5850EB,battery2,ABC,-1.6762614550000001,-1.6762614550000001,-1.6762614550000001,20.037983344164196
1672534800,_76CBB3CE-2D4C-4392-A1CD-AAEBC2AB5FA5,battery3,ABC,-0.838130728,-0.838130728,-0.838130728,20.028487508123128
1672534800,_B42011D9-38A0-4D06-8C84-49836267E66B,battery4,ABC,-50.0,-50.0,-50.0,43.6736580469257
1672534800,_50310945-A608-4A94-98A9-B6E45510F0BF,battery1,ABC,-41.666666667,-41.666666667,-41.666666667,33.894715039104746
1672535400,_5FBE0EB4-B59A-4F56-9CC9-C00AA433006C,battery5,ABC,-17.211692712,-17.211692712,-17.211692712,20.233139734379506
1672535400,_DC88677C-83A6-4B9A-A05F-578B8D5850EB,battery2,ABC,-0.303866753,-0.303866753,-0.303866753,20.00007583854036
1672535400,_76CBB3CE-2D4C-4392-A1CD-AAEBC2AB5FA5,battery3,ABC,-0.151933377,-0.151933377,-0.151933377,20.000056878905244
1672535400,_B42011D9-38A0-4D06-8C84-49836267E66B,battery4,ABC,-50.0,-50.0,-50.0,38.424823531726396
1672535400,_50310945-A608-4A94-98A9-B6E45510F0BF,battery1,ABC,-41.666666667,-41.666666667,-41.666666667,29.520686276438674
1672536000,_5FBE0EB4-B59A-4F56-9CC9-C00AA433006C,battery5,ABC,-2.331397344,-2.331397344,-2.331397344,19.95940776499063
1672536000,_DC88677C-83A6-4B9A-A05F-578B8D5850EB,battery2,ABC,-0.0006067080000000001,-0.0006067080000000001,-0.0006067080000000001,19.997129323988677
1672536000,_76CBB3CE-2D4C-4392-A1CD-AAEBC2AB5FA5,battery3,ABC,-0.00030335400000000004,-0.00030335400000000004,-0.00030335400000000004,19.997846992991562
1672536000,_B42011D9-38A0-4D06-8C84-49836267E66B,battery4,ABC,-50.0,-50.0,-50.0,33.17598901652708
1672536000,_50310945-A608-4A94-98A9-B6E45510F0BF,battery1,ABC,-41.666666667,-41.666666667,-41.666666667,25.146657513772595
1672536600,_5FBE0EB4-B59A-4F56-9CC9-C00AA433006C,battery5,ABC,0.40592235,0.40592235,0.40592235,19.97835353623974
1672536600,_DC88677C-83A6-4B9A-A05F-578B8D5850EB,battery2,ABC,0.022965408,0.022965408,0.022965408,19.99891853508776
1672536600,_76CBB3CE-2D4C-4392-A1CD-AAEBC2AB5FA5,battery3,ABC,0.011482704,0.011482704,0.011482704,19.999188901315843
1672536600,_B42011D9-38A0-4D06-8C84-49836267E66B,battery4,ABC,-0.0,0.0,0.0,32.96603563591911
1672536600,_50310945-A608-4A94-98A9-B6E45510F0BF,battery1,ABC,0.0,0.0,0.0,24.971696363265952
1672537200,_5FBE0EB4-B59A-4F56-9CC9-C00AA433006C,battery5,ABC,0.21646463800000001,0.21646463800000001,0.21646463800000001,19.992545882535286
1672537200,_DC88677C-83A6-4B9A-A05F-578B8D5850EB,battery2,ABC,0.008651719,0.008651719,0.008651719,19.999633114563668
1672537200,_76CBB3CE-2D4C-4392-A1CD-AAEBC2AB5FA5,battery3,ABC,0.00432586,0.00432586,0.00432586,19.999724835922766
1672537200,_B42011D9-38A0-4D06-8C84-49836267E66B,battery4,ABC,-0.0,0.0,0.0,32.96603563591911
1672537200,_50310945-A608-4A94-98A9-B6E45510F0BF,battery1,ABC,0.0,0.0,0.0,24.971696363265952
1672537800,_5FBE0EB4-B59A-4F56-9CC9-C00AA433006C,battery5,ABC,0.074541175,0.074541175,0.074541175,19.99832873280529
1672537800,_DC88677C-83A6-4B9A-A05F-578B8D5850EB,battery2,ABC,0.0029350830000000002,0.0029350830000000002,0.0029350830000000002,19.999918811390337
1672537800,_76CBB3CE-2D4C-4392-A1CD-AAEBC2AB5FA5,battery3,ABC,0.0014675419999999998,0.0014675419999999998,0.0014675419999999998,19.999939108542762
1672537800,_B42011D9-38A0-4D06-8C84-49836267E66B,battery4,ABC,-0.0,0.0,0.0,32.96603563591911
1672537800,_50310945-A608-4A94-98A9-B6E45510F0BF,battery1,ABC,0.0,0.0,0.0,24.971696363265952
1672538400,_5FBE0EB4-B59A-4F56-9CC9-C00AA433006C,battery5,ABC,0.016712672,0.016712672,0.016712672,19.999678162627088
1672538400,_DC88677C-83A6-4B9A-A05F-578B8D5850EB,battery2,ABC,0.000649509,0.000649509,0.000649509,19.99998458315977
1672538400,_76CBB3CE-2D4C-4392-A1CD-AAEBC2AB5FA5,battery3,ABC,0.00032475399999999996,0.00032475399999999996,0.00032475399999999996,19.999988437369833
1672538400,_B42011D9-38A0-4D06-8C84-49836267E66B,battery4,ABC,-0.0,0.0,0.0,32.96603563591911
1672538400,_50310945-A608-4A94-98A9-B6E45510F0BF,battery1,ABC,0.0,0.0,0.0,24.971696363265952
1672539000,_5FBE0EB4-B59A-4F56-9CC9-C00AA433006C,battery5,ABC,0.003218374,0.003218374,0.003218374,19.999976530953155
1672539000,_DC88677C-83A6-4B9A-A05F-578B8D5850EB,battery2,ABC,0.000123335,0.000123335,0.000123335,19.999998950521842
1672539000,_76CBB3CE-2D4C-4392-A1CD-AAEBC2AB5FA5,battery3,ABC,6.1667e-05,6.1667e-05,6.1667e-05,19.999999212891392
1672539000,_B42011D9-38A0-4D06-8C84-49836267E66B,battery4,ABC,-0.0,0.0,0.0,32.96603563591911
1672539000,_50310945-A608-4A94-98A9-B6E45510F0BF,battery1,ABC,0.0,0.0,0.0,24.971696363265952
1672539600,_5FBE0EB4-B59A-4F56-9CC9-C00AA433006C,battery5,ABC,0.00023469000000000002,0.00023469000000000002,0.00023469000000000002,20.00001150298414
1672539600,_DC88677C-83A6-4B9A-A05F-578B8D5850EB,battery2,ABC,8.396e-06,8.396e-06,8.396e-06,20.000000582125768
1672539600,_76CBB3CE-2D4C-4392-A1CD-AAEBC2AB5FA5,battery3,ABC,4.198e-06,4.198e-06,4.198e-06,20.000000436594345
1672539600,_B42011D9-38A0-4D06-8C84-49836267E66B,battery4,ABC,-0.0,0.0,0.0,32.96603563591911
1672539600,_50310945-A608-4A94-98A9-B6E45510F0BF,battery1,ABC,-0.0,0.0,0.0,24.971696363265952
1672540200,_5FBE0EB4-B59A-4F56-9CC9-C00AA433006C,battery5,ABC,-0.00011502999999999999,-0.00011502999999999999,-0.00011502999999999999,20.000004716636777
1672540200,_DC88677C-83A6-4B9A-A05F-578B8D5850EB,battery2,ABC,-4.657e-06,-4.657e-06,-4.657e-06,20.000000234500177
1672540200,_76CBB3CE-2D4C-4392-A1CD-AAEBC2AB5FA5,battery3,ABC,-2.329e-06,-2.329e-06,-2.329e-06,20.000000175875147
1672540200,_B42011D9-38A0-4D06-8C84-49836267E66B,battery4,ABC,-50.0,-50.0,-50.0,27.962146731429105
1672540200,_50310945-A608-4A94-98A9-B6E45510F0BF,battery1,ABC,-33.144642422,-33.144642422,-33.144642422,21.670836180508466
1672540800,_5FBE0EB4-B59A-4F56-9CC9-C00AA433006C,battery5,ABC,-4.7166e-05,-4.7166e-05,-4.7166e-05,20.00000130597643
1672540800,_DC88677C-83A6-4B9A-A05F-578B8D5850EB,battery2,ABC,-1.8760000000000001e-06,-1.8760000000000001e-06,-1.8760000000000001e-06,20.000000064650475
1672540800,_76CBB3CE-2D4C-4392-A1CD-AAEBC2AB5FA5,battery3,ABC,-9.380000000000001e-07,-9.380000000000001e-07,-9.380000000000001e-07,20.000000048487866
1672540800,_B42011D9-38A0-4D06-8C84-49836267E66B,battery4,ABC,-50.0,-50.0,-50.0,22.7133122162298
1672540800,_50310945-A608-4A94-98A9-B6E45510F0BF,battery1,ABC,-11.138907869999999,-11.138907869999999,-11.138907869999999,20.4289208163309
1672541400,_5FBE0EB4-B59A-4F56-9CC9-C00AA433006C,battery5,ABC,-1.306e-05,-1.306e-05,-1.306e-05,20.00000019922751
1672541400,_DC88677C-83A6-4B9A-A05F-578B8D5850EB,battery2,ABC,-5.17e-07,-5.17e-07,-5.17e-07,20.00000000979918
1672541400,_76CBB3CE-2D4C-4392-A1CD-AAEBC2AB5FA5,battery3,ABC,-2.5900000000000003e-07,-2.5900000000000003e-07,-2.5900000000000003e-07,20.00000000734939
1672541400,_B42011D9-38A0-4D06-8C84-49836267E66B,battery4,ABC,-18.088748108,-18.088748108,-18.088748108,20.53306169027016
1672541400,_50310945-A608-4A94-98A9-B6E45510F0BF,battery1,ABC,-2.859472109,-2.859472109,-2.859472109,20.056752710076534
1672542000,_5FBE0EB4-B59A-4F56-9CC9-C00AA433006C,battery5,ABC,-1.9919999999999997e-06,-1.9919999999999997e-06,-1.9919999999999997e-06,20.000000031472254
1672542000,_DC88677C-83A6-4B9A-A05F-578B8D5850EB,battery2,ABC,-7.8e-08,-7.8e-08,-7.8e-08,20.000000001536183
1672542000,_76CBB3CE-2D4C-4392-A1CD-AAEBC2AB5FA5,battery3,ABC,-3.9e-08,-3.9e-08,-3.9e-08,20.000000001152124
1672542000,_B42011D9-38A0-4D06-8C84-49836267E66B,battery4,ABC,-3.553744602,-3.553744602,-3.553744602,20.105262064509716
1672542000,_50310945-A608-4A94-98A9-B6E45510F0BF,battery1,ABC,-0.37835140100000003,-0.37835140100000003,-0.37835140100000003,20.007317884114144
1672542600,_5FBE0EB4-B59A-4F56-9CC9-C00AA433006C,battery5,ABC,-3.15e-07,-3.15e-07,-3.15e-07,20.000000008232206
1672542600,_DC88677C-83A6-4B9A-A05F-578B8D5850EB,battery2,ABC,-1.2e-08,-1.2e-08,-1.2e-08,20.00000000040105
1672542600,_76CBB3CE-2D4C-4392-A1CD-AAEBC2AB5FA5,battery3,ABC,-6e-09,-6e-09,-6e-09,20.000000000300776
1672542600,_B42011D9-38A0-4D06-8C84-49836267E66B,battery4,ABC,-0.701747097,-0.701747097,-0.701747097,20.028869205785455
1672542600,_50310945-A608-4A94-98A9-B6E45510F0BF,battery1,ABC,-0.048785893999999996,-0.048785893999999996,-0.048785893999999996,20.001806930500415
1672543200,_5FBE0EB4-B59A-4F56-9CC9-C00AA433006C,battery5,ABC,-8.2e-08,-8.2e-08,-8.2e-08,20.000000001808814
1672543200,_DC88677C-83A6-4B9A-A05F-578B8D5850EB,battery2,ABC,-3e-09,-3e-09,-3e-09,20.00000000008802
1672543200,_76CBB3CE-2D4C-4392-A1CD-AAEBC2AB5FA5,battery3,ABC,-1.9999999999999997e-09,-1.9999999999999997e-09,-1.9999999999999997e-09,20.000000000066002
1672543200,_B42011D9-38A0-4D06-8C84-49836267E66B,battery4,ABC,-0.19246137200000002,-0.19246137200000002,-0.19246137200000002,20.006515100343737
1672543200,_50310945-A608-4A94-98A9-B6E45510F0BF,battery1,ABC,-0.012046203,-0.012046203,-0.012046203,20.000382999598042
1672543800,_5FBE0EB4-B59A-4F56-9CC9-C00AA433006C,battery5,ABC,-1.8e-08,-1.8e-08,-1.8e-08,20.000000000389026
1672543800,_DC88677C-83A6-4B9A-A05F-578B8D5850EB,battery2,ABC,-9.999999999999999e-10,-9.999999999999999e-10,-9.999999999999999e-10,20.000000000018925
1672543800,_76CBB3CE-2D4C-4392-A1CD-AAEBC2AB5FA5,battery3,ABC,-0.0,-0.0,-0.0,20.000000000014186
1672543800,_B42011D9-38A0-4D06-8C84-49836267E66B,battery4,ABC,-0.043434002,-0.043434002,-0.043434002,20.001423307402735
1672543800,_50310945-A608-4A94-98A9-B6E45510F0BF,battery1,ABC,-0.002553331,-0.002553331,-0.002553331,20.000080551019515
1672544400,_5FBE0EB4-B59A-4F56-9CC9-C00AA433006C,battery5,ABC,-3.9999999999999994e-09,-3.9999999999999994e-09,-3.9999999999999994e-09,20.00000000004859
1672544400,_DC88677C-83A6-4B9A-A05F-578B8D5850EB,battery2,ABC,-0.0,-0.0,-0.0,20.00000000000237
1672544400,_76CBB3CE-2D4C-4392-A1CD-AAEBC2AB5FA5,battery3,ABC,-0.0,-0.0,-0.0,20.00000000000178
1672544400,_B42011D9-38A0-4D06-8C84-49836267E66B,battery4,ABC,-0.009488716,-0.009488716,-0.009488716,20.00018317506904
1672544400,_50310945-A608-4A94-98A9-B6E45510F0BF,battery1,ABC,-0.000537007,-0.000537007,-0.000537007,20.00000961850273
1672545000,_5FBE0EB4-B59A-4F56-9CC9-C00AA433006C,battery5,ABC,-0.0,-0.0,-0.0,20.000000000004505
1672545000,_DC88677C-83A6-4B9A-A05F-578B8D5850EB,battery2,ABC,-0.0,-0.0,-0.0,20.000000000000227
1672545000,_76CBB3CE-2D4C-4392-A1CD-AAEBC2AB5FA5,battery3,ABC,-0.0,-0.0,-0.0,20.000000000000163
1672545000,_B42011D9-38A0-4D06-8C84-49836267E66B,battery4,ABC,-0.001221167,-0.001221167,-0.001221167,20.00001835572541
1672545000,_50310945-A608-4A94-98A9-B6E45510F0BF,battery1,ABC,-6.4123e-05,-6.4123e-05,-6.4123e-05,20.000000778374016
1672545600,_5FBE0EB4-B59A-4F56-9CC9-C00AA433006C,battery5,ABC,-0.0,-0.0,-0.0,19.999999999998362
1672545600,_DC88677C-83A6-4B9A-A05F-578B8D5850EB,battery2,ABC,-0.0,-0.0,-0.0,19.999999999999915
1672545600,_76CBB3CE-2D4C-4392-A1CD-AAEBC2AB5FA5,battery3,ABC,-0.0,-0.0,-0.0,19.99999999999994
1672545600,_B42011D9-38A0-4D06-8C84-49836267E66B,battery4,ABC,-0.00012237199999999999,-0.00012237199999999999,-0.00012237199999999999,19.999994347267428
1672545600,_50310945-A608-4A94-98A9-B6E45510F0BF,battery1,ABC,-5.189e-06,-5.189e-06,-5.189e-06,19.99999963162498
1672546200,_5FBE0EB4-B59A-4F56-9CC9-C00AA433006C,battery5,ABC,0.0,0.0,0.0,19.999999999999368
1672546200,_DC88677C-83A6-4B9A-A05F-578B8D5850EB,battery2,ABC,0.0,0.0,0.0,19.999999999999968
1672546200,_76CBB3CE-2D4C-4392-A1CD-AAEBC2AB5FA5,battery3,ABC,0.0,0.0,0.0,19.999999999999968
1672546200,_B42011D9-38A0-4D06-8C84-49836267E66B,battery4,ABC,3.7685e-05,3.7685e-05,3.7685e-05,19.99999783224953
1672546200,_50310945-A608-4A94-98A9-B6E45510F0BF,battery1,ABC,2.456e-06,2.456e-06,2.456e-06,19.999999862065987
1672546800,_5FBE0EB4-B59A-4F56-9CC9-C00AA433006C,battery5,ABC,0.0,0.0,0.0,19.999999999999822
1672546800,_DC88677C-83A6-4B9A-A05F-578B8D5850EB,battery2,ABC,0.0,0.0,0.0,19.999999999999996
1672546800,_76CBB3CE-2D4C-4392-A1CD-AAEBC2AB5FA5,battery3,ABC,0.0,0.0,0.0,19.999999999999996
1672546800,_B42011D9-38A0-4D06-8C84-49836267E66B,battery4,ABC,1.4452e-05,1.4452e-05,1.4452e-05,19.999999373426235
1672546800,_50310945-A608-4A94-98A9-B6E45510F0BF,battery1,ABC,9.2e-07,9.2e-07,9.2e-07,19.999999960460656
1672547400,_5FBE0EB4-B59A-4F56-9CC9-C00AA433006C,battery5,ABC,0.0,0.0,0.0,19.999999999999932
1672547400,_DC88677C-83A6-4B9A-A05F-578B8D5850EB,battery2,ABC,0.0,0.0,0.0,19.999999999999996
1672547400,_76CBB3CE-2D4C-4392-A1CD-AAEBC2AB5FA5,battery3,ABC,0.0,0.0,0.0,19.999999999999996
1672547400,_B42011D9-38A0-4D06-8C84-49836267E66B,battery4,ABC,4.177e-06,4.177e-06,4.177e-06,19.999999782368782
1672547400,_50310945-A608-4A94-98A9-B6E45510F0BF,battery1,ABC,2.6400000000000003e-07,2.6400000000000003e-07,2.6400000000000003e-07,19.999999986267827
1672548000,_5FBE0EB4-B59A-4F56-9CC9-C00AA433006C,battery5,ABC,0.0,0.0,0.0,19.999999999999993
1672548000,_DC88677C-83A6-4B9A-A05F-578B8D5850EB,battery2,ABC,0.0,0.0,0.0,19.999999999999996
1672548000,_76CBB3CE-2D4C-4392-A1CD-AAEBC2AB5FA5,battery3,ABC,0.0,0.0,0.0,19.999999999999996
1672548000,_B42011D9-38A0-4D06-8C84-49836267E66B,battery4,ABC,1.451e-06,1.451e-06,1.451e-06,19.999999951296378
1672548000,_50310945-A608-4A94-98A9-B6E45510F0BF,battery1,ABC,9.2e-08,9.2e-08,9.2e-08,19.999999996927123
1672548600,_5FBE0EB4-B59A-4F56-9CC9-C00AA433006C,battery5,ABC,0.0,0.0,0.0,19.999999999999993
1672548600,_DC88677C-83A6-4B9A-A05F-578B8D5850EB,battery2,ABC,0.0,0.0,0.0,19.999999999999996
1672548600,_76CBB3CE-2D4C-4392-A1CD-AAEBC2AB5FA5,battery3,ABC,0.0,0.0,0.0,19.999999999999996
1672548600,_B42011D9-38A0-4D06-8C84-49836267E66B,battery4,ABC,3.2499999999999996e-07,3.2499999999999996e-07,3.2499999999999996e-07,19.999999984417762
1672548600,_50310945-A608-4A94-98A9-B6E45510F0BF,battery1,ABC,2e-08,2e-08,2e-08,19.99999999901688
1672549200,_5FBE0EB4-B59A-4F56-9CC9-C00AA433006C,battery5,ABC,0.0,0.0,0.0,19.999999999999993
1672549200,_DC88677C-83A6-4B9A-A05F-578B8D5850EB,battery2,ABC,0.0,0.0,0.0,19.999999999999996
1672549200,_76CBB3CE-2D4C-4392-A1CD-AAEBC2AB5FA5,battery3,ABC,0.0,0.0,0.0,19.999999999999996
1672549200,_B42011D9-38A0-4D06-8C84-49836267E66B,battery4,ABC,1.0399999999999999e-07,1.0399999999999999e-07,1.0399999999999999e-07,19.99999999673499
1672549200,_50310945-A608-4A94-98A9-B6E45510F0BF,battery1,ABC,7e-09,7e-09,7e-09,19.999999999793996
1672549800,_5FBE0EB4-B59A-4F56-9CC9-C00AA433006C,battery5,ABC,0.0,0.0,0.0,19.999999999999993
1672549800,_DC88677C-83A6-4B9A-A05F-578B8D5850EB,battery2,ABC,0.0,0.0,0.0,19.999999999999996
1672549800,_76CBB3CE-2D4C-4392-A1CD-AAEBC2AB5FA5,battery3,ABC,0.0,0.0,0.0,19.999999999999996
1672549800,_B42011D9-38A0-4D06-8C84-49836267E66B,battery4,ABC,2.2e-08,2.2e-08,2.2e-08,20.000000001245752
1672549800,_50310945-A608-4A94-98A9-B6E45510F0BF,battery1,ABC,9.999999999999999e-10,9.999999999999999e-10,9.999999999999999e-10,20.000000000078586
1672550400,_5FBE0EB4-B59A-4F56-9CC9-C00AA433006C,battery5,ABC,0.0,0.0,0.0,19.999999999999993
1672550400,_DC88677C-83A6-4B9A-A05F-578B8D5850EB,battery2,ABC,0.0,0.0,0.0,19.999999999999996
1672550400,_76CBB3CE-2D4C-4392-A1CD-AAEBC2AB5FA5,battery3,ABC,0.0,0.0,0.0,19.999999999999996
1672550400,_B42011D9-38A0-4D06-8C84-49836267E66B,battery4,ABC,-7.999999999999999e-09,-7.999999999999999e-09,-7.999999999999999e-09,20.000000000706233
1672550400,_50310945-A608-4A94-98A9-B6E45510F0BF,battery1,ABC,-9.999999999999999e-10,-9.999999999999999e-10,-9.999999999999999e-10,20.00000000004455
1672551000,_5FBE0EB4-B59A-4F56-9CC9-C00AA433006C,battery5,ABC,0.0,0.0,0.0,19.999999999999993
1672551000,_DC88677C-83A6-4B9A-A05F-578B8D5850EB,battery2,ABC,0.0,0.0,0.0,19.999999999999996
1672551000,_76CBB3CE-2D4C-4392-A1CD-AAEBC2AB5FA5,battery3,ABC,0.0,0.0,0.0,19.999999999999996
1672551000,_B42011D9-38A0-4D06-8C84-49836267E66B,battery4,ABC,-5e-09,-5e-09,-5e-09,20.000000000182762
1672551000,_50310945-A608-4A94-98A9-B6E45510F0BF,battery1,ABC,-0.0,-0.0,-0.0,20.000000000011518
1672551600,_5FBE0EB4-B59A-4F56-9CC9-C00AA433006C,battery5,ABC,0.0,0.0,0.0,19.999999999999993
1672551600,_DC88677C-83A6-4B9A-A05F-578B8D5850EB,battery2,ABC,0.0,0.0,0.0,19.999999999999996
1672551600,_76CBB3CE-2D4C-4392-A1CD-AAEBC2AB5FA5,battery3,ABC,0.0,0.0,0.0,19.999999999999996
1672551600,_B42011D9-38A0-4D06-8C84-49836267E66B,battery4,ABC,-9.999999999999999e-10,-9.999999999999999e-10,-9.999999999999999e-10,20.000000000028578
1672551600,_50310945-A608-4A94-98A9-B6E45510F0BF,battery1,ABC,-0.0,-0.0,-0.0,20.00000000000179
1672552200,_5FBE0EB4-B59A-4F56-9CC9-C00AA433006C,battery5,ABC,0.0,0.0,0.0,19.999999999999993
1672552200,_DC88677C-83A6-4B9A-A05F-578B8D5850EB,battery2,ABC,0.0,0.0,0.0,19.999999999999996
1672552200,_76CBB3CE-2D4C-4392-A1CD-AAEBC2AB5FA5,battery3,ABC,0.0,0.0,0.0,19.999999999999996
1672552200,_B42011D9-38A0-4D06-8C84-49836267E66B,battery4,ABC,-0.0,-0.0,-0.0,20.000000000008335
1672552200,_50310945-A608-4A94-98A9-B6E45510F0BF,battery1,ABC,-0.0,-0.0,-0.0,20.000000000000526
1672552800,_5FBE0EB4-B59A-4F56-9CC9-C00AA433006C,battery5,ABC,0.0,0.0,0.0,19.999999999999993
1672552800,_DC88677C-83A6-4B9A-A05F-578B8D5850EB,battery2,ABC,0.0,0.0,0.0,19.999999999999996
1672552800,_76CBB3CE-2D4C-4392-A1CD-AAEBC2AB5FA5,battery3,ABC,0.0,0.0,0.0,19.999999999999996
1672552800,_B42011D9-38A0-4D06-8C84-49836267E66B,battery4,ABC,-0.0,-0.0,-0.0,20.00000000000253
1672552800,_50310945-A608-4A94-98A9-B6E45510F0BF,battery1,ABC,-0.0,-0.0,-0.0,20.000000000000156
1672553400,_5FBE0EB4-B59A-4F56-9CC9-C00AA433006C,battery5,ABC,0.0,0.0,0.0,19.999999999999993
1672553400,_DC88677C-83A6-4B9A-A05F-578B8D5850EB,battery2,ABC,0.0,0.0,0.0,19.999999999999996
1672553400,_76CBB3CE-2D4C-4392-A1CD-AAEBC2AB5FA5,battery3,ABC,0.0,0.0,0.0,19.999999999999996
1672553400,_B42011D9-38A0-4D06-8C84-49836267E66B,battery4,ABC,-0.0,-0.0,-0.0,20.000000000000803
1672553400,_50310945-A608-4A94-98A9-B6E45510F0BF,battery1,ABC,-0.0,-0.0,-0.0,20.000000000000046
1672554000,_5FBE0EB4-B59A-4F56-9CC9-C00AA433006C,battery5,ABC,0.0,0.0,0.0,19.999999999999993
1672554000,_DC88677C-83A6-4B9A-A05F-578B8D5850EB,battery2,ABC,0.0,0.0,0.0,19.999999999999996
1672554000,_76CBB3CE-2D4C-4392-A1CD-AAEBC2AB5FA5,battery3,ABC,0.0,0.0,0.0,19.999999999999996
1672554000,_B42011D9-38A0-4D06-8C84-49836267E66B,battery4,ABC,-0.0,-0.0,-0.0,20.00000000000015
1672554000,_50310945-A608-4A94-98A9-B6E45510F0BF,battery1,ABC,-0.0,-0.0,-0.0,20.00000000000001
1672554600,_5FBE0EB4-B59A-4F56-9CC9-C00AA433006C,battery5,ABC,0.0,0.0,0.0,19.999999999999993
1672554600,_DC88677C-83A6-4B9A-A05F-578B8D5850EB,battery2,ABC,0.0,0.0,0.0,19.999999999999996
1672554600,_76CBB3CE-2D4C-4392-A1CD-AAEBC2AB5FA5,battery3,ABC,0.0,0.0,0.0,19.999999999999996
1672554600,_B42011D9-38A0-4D06-8C84-49836267E66B,battery4,ABC,-0.0,-0.0,-0.0,20.00000000000001
1672554600,_50310945-A608-4A94-98A9-B6E45510F0BF,battery1,ABC,-0.0,-0.0,-0.0,20.00000000000001
1672555200,_5FBE0EB4-B59A-4F56-9CC9-C00AA433006C,battery5,ABC,0.0,0.0,0.0,19.999999999999993
1672555200,_DC88677C-83A6-4B9A-A05F-578B8D5850EB,battery2,ABC,0.0,0.0,0.0,19.999999999999996
1672555200,_76CBB3CE-2D4C-4392-A1CD-AAEBC2AB5FA5,battery3,ABC,0.0,0.0,0.0,19.999999999999996
1672555200,_B42011D9-38A0-4D06-8C84-49836267E66B,battery4,ABC,-0.0,-0.0,-0.0,20.00000000000001
1672555200,_50310945-A608-4A94-98A9-B6E45510F0BF,battery1,ABC,-0.0,-0.0,-0.0,20.00000000000001
1672555800,_5FBE0EB4-B59A-4F56-9CC9-C00AA433006C,battery5,ABC,0.0,0.0,0.0,19.999999999999993
1672555800,_DC88677C-83A6-4B9A-A05F-578B8D5850EB,battery2,ABC,0.0,0.0,0.0,19.999999999999996
1672555800,_76CBB3CE-2D4C-4392-A1CD-AAEBC2AB5FA5,battery3,ABC,0.0,0.0,0.0,19.999999999999996
1672555800,_B42011D9-38A0-4D06-8C84-49836267E66B,battery4,ABC,-0.0,-0.0,-0.0,20.00000000000001
1672555800,_50310945-A608-4A94-98A9-B6E45510F0BF,battery1,ABC,-0.0,-0.0,-0.0,20.00000000000001
1672556400,_5FBE0EB4-B59A-4F56-9CC9-C00AA433006C,battery5,ABC,0.0,0.0,0.0,19.999999999999993
1672556400,_DC88677C-83A6-4B9A-A05F-578B8D5850EB,battery2,ABC,0.0,0.0,0.0,19.999999999999996
1672556400,_76CBB3CE-2D4C-4392-A1CD-AAEBC2AB5FA5,battery3,ABC,0.0,0.0,0.0,19.999999999999996
1672556400,_B42011D9-38A0-4D06-8C84-49836267E66B,battery4,ABC,-0.0,-0.0,-0.0,20.00000000000001
1672556400,_50310945-A608-4A94-98A9-B6E45510F0BF,battery1,ABC,-0.0,-0.0,-0.0,20.00000000000001
1672557000,_5FBE0EB4-B59A-4F56-9CC9-C00AA433006C,battery5,ABC,0.0,0.0,0.0,19.999999999999993
1672557000,_DC88677C-83A6-4B9A-A05F-578B8D5850EB,battery2,ABC,0.0,0.0,0.0,19.999999999999996
1672557000,_76CBB3CE-2D4C-4392-A1CD-AAEBC2AB5FA5,battery3,ABC,0.0,0.0,0.0,19.999999999999996
1672557000,_B42011D9-38A0-4D06-8C84-49836267E66B,battery4,ABC,-0.0,-0.0,-0.0,20.00000000000001
1672557000,_50310945-A608-4A94-98A9-B6E45510F0BF,battery1,ABC,-0.0,-0.0,-0.0,20.00000000000001
1672557600,_5FBE0EB4-B59A-4F56-9CC9-C00AA433006C,battery5,ABC,0.0,0.0,0.0,19.999999999999993
1672557600,_DC88677C-83A6-4B9A-A05F-578B8D5850EB,battery2,ABC,0.0,0.0,0.0,19.999999999999996
1672557600,_76CBB3CE-2D4C-4392-A1CD-AAEBC2AB5FA5,battery3,ABC,0.0,0.0,0.0,19.999999999999996
1672557600,_B42011D9-38A0-4D06-8C84-49836267E66B,battery4,ABC,-0.0,-0.0,-0.0,20.00000000000001
1672557600,_50310945-A608-4A94-98A9-B6E45510F0BF,battery1,ABC,-0.0,-0.0,-0.0,20.00000000000001
1672558200,_5FBE0EB4-B59A-4F56-9CC9-C00AA433006C,battery5,ABC,0.0,0.0,0.0,19.999999999999993
1672558200,_DC88677C-83A6-4B9A-A05F-578B8D5850EB,battery2,ABC,0.0,0.0,0.0,19.999999999999996
1672558200,_76CBB3CE-2D4C-4392-A1CD-AAEBC2AB5FA5,battery3,ABC,0.0,0.0,0.0,19.999999999999996
1672558200,_B42011D9-38A0-4D06-8C84-49836267E66B,battery4,ABC,-0.0,-0.0,-0.0,20.00000000000001
1672558200,_50310945-A608-4A94-98A9-B6E45510F0BF,battery1,ABC,-0.0,-0.0,-0.0,20.00000000000001
1672558800,_5FBE0EB4-B59A-4F56-9CC9-C00AA433006C,battery5,ABC,0.0,0.0,0.0,19.999999999999993
1672558800,_DC88677C-83A6-4B9A-A05F-578B8D5850EB,battery2,ABC,0.0,0.0,0.0,19.999999999999996
1672558800,_76CBB3CE-2D4C-4392-A1CD-AAEBC2AB5FA5,battery3,ABC,0.0,0.0,0.0,19.999999999999996
1672558800,_B42011D9-38A0-4D06-8C84-49836267E66B,battery4,ABC,-0.0,-0.0,-0.0,20.00000000000001
1672558800,_50310945-A608-4A94-98A9-B6E45510F0BF,battery1,ABC,-0.0,-0.0,-0.0,20.00000000000001
1672559400,_5FBE0EB4-B59A-4F56-9CC9-C00AA433006C,battery5,ABC,0.0,0.0,0.0,19.999999999999993
1672559400,_DC88677C-83A6-4B9A-A05F-578B8D5850EB,battery2,ABC,0.0,0.0,0.0,19.999999999999996
1672559400,_76CBB3CE-2D4C-4392-A1CD-AAEBC2AB5FA5,battery3,ABC,0.0,0.0,0.0,19.999999999999996
1672559400,_B42011D9-38A0-4D06-8C84-49836267E66B,battery4,ABC,-0.0,-0.0,-0.0,20.00000000000001
1672559400,_50310945-A608-4A94-98A9-B6E45510F0BF,battery1,ABC,-0.0,-0.0,-0.0,20.00000000000001
1672560000,_5FBE0EB4-B59A-4F56-9CC9-C00AA433006C,battery5,ABC,0.0,0.0,0.0,19.999999999999993
1672560000,_DC88677C-83A6-4B9A-A05F-578B8D5850EB,battery2,ABC,0.0,0.0,0.0,19.999999999999996
1672560000,_76CBB3CE-2D4C-4392-A1CD-AAEBC2AB5FA5,battery3,ABC,0.0,0.0,0.0,19.999999999999996
1672560000,_B42011D9-38A0-4D06-8C84-49836267E66B,battery4,ABC,-0.0,-0.0,-0.0,20.00000000000001
1672560000,_50310945-A608-4A94-98A9-B6E45510F0BF,battery1,ABC,-0.0,-0.0,-0.0,20.00000000000001
1672560600,_5FBE0EB4-B59A-4F56-9CC9-C00AA433006C,battery5,ABC,0.0,0.0,0.0,19.999999999999993
1672560600,_DC88677C-83A6-4B9A-A05F-578B8D5850EB,battery2,ABC,0.0,0.0,0.0,19.999999999999996
1672560600,_76CBB3CE-2D4C-4392-A1CD-AAEBC2AB5FA5,battery3,ABC,0.0,0.0,0.0,19.999999999999996
1672560600,_B42011D9-38A0-4D06-8C84-49836267E66B,battery4,ABC,-0.0,-0.0,-0.0,20.00000000000001
1672560600,_50310945-A608-4A94-98A9-B6E45510F0BF,battery1,ABC,-0.0,-0.0,-0.0,20.00000000000001
1672561200,_5FBE0EB4-B59A-4F56-9CC9-C00AA433006C,battery5,ABC,0.0,0.0,0.0,19.999999999999993
1672561200,_DC88677C-83A6-4B9A-A05F-578B8D5850EB,battery2,ABC,0.0,0.0,0.0,19.999999999999996
1672561200,_76CBB3CE-2D4C-4392-A1CD-AAEBC2AB5FA5,battery3,ABC,0.0,0.0,0.0,19.999999999999996
1672561200,_B42011D9-38A0-4D06-8C84-49836267E66B,battery4,ABC,-0.0,-0.0,-0.0,20.00000000000001
1672561200,_50310945-A608-4A94-98A9-B6E45510F0BF,battery1,ABC,-0.0,-0.0,-0.0,20.00000000000001
1672561800,_5FBE0EB4-B59A-4F56-9CC9-C00AA433006C,battery5,ABC,0.0,0.0,0.0,19.999999999999993
1672561800,_DC88677C-83A6-4B9A-A05F-578B8D5850EB,battery2,ABC,0.0,0.0,0.0,19.999999999999996
1672561800,_76CBB3CE-2D4C-4392-A1CD-AAEBC2AB5FA5,battery3,ABC,0.0,0.0,0.0,19.999999999999996
1672561800,_B42011D9-38A0-4D06-8C84-49836267E66B,battery4,ABC,-0.0,-0.0,-0.0,20.00000000000001
1672561800,_50310945-A608-4A94-98A9-B6E45510F0BF,battery1,ABC,-0.0,-0.0,-0.0,20.00000000000001
1672562400,_5FBE0EB4-B59A-4F56-9CC9-C00AA433006C,battery5,ABC,0.0,0.0,0.0,19.999999999999993
1672562400,_DC88677C-83A6-4B9A-A05F-578B8D5850EB,battery2,ABC,0.0,0.0,0.0,19.999999999999996
1672562400,_76CBB3CE-2D4C-4392-A1CD-AAEBC2AB5FA5,battery3,ABC,0.0,0.0,0.0,19.999999999999996
1672562400,_B42011D9-38A0-4D06-8C84-49836267E66B,battery4,ABC,-0.0,-0.0,-0.0,20.00000000000001
1672562400,_50310945-A608-4A94-98A9-B6E45510F0BF,battery1,ABC,-0.0,-0.0,-0.0,20.00000000000001
1672563000,_5FBE0EB4-B59A-4F56-9CC9-C00AA433006C,battery5,ABC,0.0,0.0,0.0,19.999999999999993
1672563000,_DC88677C-83A6-4B9A-A05F-578B8D5850EB,battery2,ABC,0.0,0.0,0.0,19.999999999999996
1672563000,_76CBB3CE-2D4C-4392-A1CD-AAEBC2AB5FA5,battery3,ABC,0.0,0.0,0.0,19.999999999999996
1672563000,_B42011D9-38A0-4D06-8C84-49836267E66B,battery4,ABC,-0.0,-0.0,-0.0,20.00000000000001
1672563000,_50310945-A608-4A94-98A9-B6E45510F0BF,battery1,ABC,-0.0,-0.0,-0.0,20.00000000000001
1672563600,_5FBE0EB4-B59A-4F56-9CC9-C00AA433006C,battery5,ABC,0.0,0.0,0.0,19.999999999999993
1672563600,_DC88677C-83A6-4B9A-A05F-578B8D5850EB,battery2,ABC,0.0,0.0,0.0,19.999999999999996
1672563600,_76CBB3CE-2D4C-4392-A1CD-AAEBC2AB5FA5,battery3,ABC,0.0,0.0,0.0,19.999999999999996
1672563600,_B42011D9-38A0-4D06-8C84-49836267E66B,battery4,ABC,-0.0,-0.0,-0.0,20.00000000000001
1672563600,_50310945-A608-4A94-98A9-B6E45510F0BF,battery1,ABC,-0.0,-0.0,-0.0,20.00000000000001
1672564200,_5FBE0EB4-B59A-4F56-9CC9-C00AA433006C,battery5,ABC,0.0,0.0,0.0,19.999999999999993
1672564200,_DC88677C-83A6-4B9A-A05F-578B8D5850EB,battery2,ABC,0.0,0.0,0.0,19.999999999999996
1672564200,_76CBB3CE-2D4C-4392-A1CD-AAEBC2AB5FA5,battery3,ABC,0.0,0.0,0.0,19.999999999999996
1672564200,_B42011D9-38A0-4D06-8C84-49836267E66B,battery4,ABC,-0.0,-0.0,-0.0,20.00000000000001
1672564200,_50310945-A608-4A94-98A9-B6E45510F0BF,battery1,ABC,-0.0,-0.0,-0.0,20.00000000000001
1672564800,_5FBE0EB4-B59A-4F56-9CC9-C00AA433006C,battery5,ABC,0.0,0.0,0.0,19.999999999999993
1672564800,_DC88677C-83A6-4B9A-A05F-578B8D5850EB,battery2,ABC,0.0,0.0,0.0,19.999999999999996
1672564800,_76CBB3CE-2D4C-4392-A1CD-AAEBC2AB5FA5,battery3,ABC,0.0,0.0,0.0,19.999999999999996
1672564800,_B42011D9-38A0-4D06-8C84-49836267E66B,battery4,ABC,-0.0,-0.0,-0.0,20.00000000000001
1672564800,_50310945-A608-4A94-98A9-B6E45510F0BF,battery1,ABC,-0.0,-0.0,-0.0,20.00000000000001
1672565400,_5FBE0EB4-B59A-4F56-9CC9-C00AA433006C,battery5,ABC,0.0,0.0,0.0,19.999999999999993
1672565400,_DC88677C-83A6-4B9A-A05F-578B8D5850EB,battery2,ABC,0.0,0.0,0.0,19.999999999999996
1672565400,_76CBB3CE-2D4C-4392-A1CD-AAEBC2AB5FA5,battery3,ABC,0.0,0.0,0.0,19.999999999999996
1672565400,_B42011D9-38A0-4D06-8C84-49836267E66B,battery4,ABC,-0.0,-0.0,-0.0,20.00000000000001
1672565400,_50310945-A608-4A94-98A9-B6E45510F0BF,battery1,ABC,-0.0,-0.0,-0.0,20.00000000000001
1672566000,_5FBE0EB4-B59A-4F56-9CC9-C00AA433006C,battery5,ABC,0.0,0.0,0.0,19.999999999999993
1672566000,_DC88677C-83A6-4B9A-A05F-578B8D5850EB,battery2,ABC,0.0,0.0,0.0,19.999999999999996
1672566000,_76CBB3CE-2D4C-4392-A1CD-AAEBC2AB5FA5,battery3,ABC,0.0,0.0,0.0,19.999999999999996
1672566000,_B42011D9-38A0-4D06-8C84-49836267E66B,battery4,ABC,-0.0,-0.0,-0.0,20.00000000000001
1672566000,_50310945-A608-4A94-98A9-B6E45510F0BF,battery1,ABC,-0.0,-0.0,-0.0,20.00000000000001
1672566600,_5FBE0EB4-B59A-4F56-9CC9-C00AA433006C,battery5,ABC,0.0,0.0,0.0,19.999999999999993
1672566600,_DC88677C-83A6-4B9A-A05F-578B8D5850EB,battery2,ABC,0.0,0.0,0.0,19.999999999999996
1672566600,_76CBB3CE-2D4C-4392-A1CD-AAEBC2AB5FA5,battery3,ABC,0.0,0.0,0.0,19.999999999999996
1672566600,_B42011D9-38A0-4D06-8C84-49836267E66B,battery4,ABC,-0.0,-0.0,-0.0,20.00000000000001
1672566600,_50310945-A608-4A94-98A9-B6E45510F0BF,battery1,ABC,-0.0,-0.0,-0.0,20.00000000000001
1672567200,_5FBE0EB4-B59A-4F56-9CC9-C00AA433006C,battery5,ABC,0.0,0.0,0.0,19.999999999999993
1672567200,_DC88677C-83A6-4B9A-A05F-578B8D5850EB,battery2,ABC,0.0,0.0,0.0,19.999999999999996
1672567200,_76CBB3CE-2D4C-4392-A1CD-AAEBC2AB5FA5,battery3,ABC,0.0,0.0,0.0,19.999999999999996
1672567200,_B42011D9-38A0-4D06-8C84-49836267E66B,battery4,ABC,-0.0,-0.0,-0.0,20.00000000000001
1672567200,_50310945-A608-4A94-98A9-B6E45510F0BF,battery1,ABC,-0.0,-0.0,-0.0,20.00000000000001
1672567800,_5FBE0EB4-B59A-4F56-9CC9-C00AA433006C,battery5,ABC,0.0,0.0,0.0,19.999999999999993
1672567800,_DC88677C-83A6-4B9A-A05F-578B8D5850EB,battery2,ABC,0.0,0.0,0.0,19.999999999999996
1672567800,_76CBB3CE-2D4C-4392-A1CD-AAEBC2AB5FA5,battery3,ABC,0.0,0.0,0.0,19.999999999999996
1672567800,_B42011D9-38A0-4D06-8C84-49836267E66B,battery4,ABC,-0.0,-0.0,-0.0,20.00000000000001
1672567800,_50310945-A608-4A94-98A9-B6E45510F0BF,battery1,ABC,-0.0,-0.0,-0.0,20.00000000000001
1672568400,_5FBE0EB4-B59A-4F56-9CC9-C00AA433006C,battery5,ABC,0.0,0.0,0.0,19.999999999999993
1672568400,_DC88677C-83A6-4B9A-A05F-578B8D5850EB,battery2,ABC,0.0,0.0,0.0,19.999999999999996
1672568400,_76CBB3CE-2D4C-4392-A1CD-AAEBC2AB5FA5,battery3,ABC,0.0,0.0,0.0,19.999999999999996
1672568400,_B42011D9-38A0-4D06-8C84-49836267E66B,battery4,ABC,-0.0,-0.0,-0.0,20.00000000000001
1672568400,_50310945-A608-4A94-98A9-B6E45510F0BF,battery1,ABC,-0.0,-0.0,-0.0,20.00000000000001
1672569000,_5FBE0EB4-B59A-4F56-9CC9-C00AA433006C,battery5,ABC,0.0,0.0,0.0,19.999999999999993
1672569000,_DC88677C-83A6-4B9A-A05F-578B8D5850EB,battery2,ABC,0.0,0.0,0.0,19.999999999999996
1672569000,_76CBB3CE-2D4C-4392-A1CD-AAEBC2AB5FA5,battery3,ABC,0.0,0.0,0.0,19.999999999999996
1672569000,_B42011D9-38A0-4D06-8C84-49836267E66B,battery4,ABC,-0.0,-0.0,-0.0,20.00000000000001
1672569000,_50310945-A608-4A94-98A9-B6E45510F0BF,battery1,ABC,-0.0,-0.0,-0.0,20.00000000000001
1672569600,_5FBE0EB4-B59A-4F56-9CC9-C00AA433006C,battery5,ABC,0.0,0.0,0.0,19.999999999999993
1672569600,_DC88677C-83A6-4B9A-A05F-578B8D5850EB,battery2,ABC,0.0,0.0,0.0,19.999999999999996
1672569600,_76CBB3CE-2D4C-4392-A1CD-AAEBC2AB5FA5,battery3,ABC,0.0,0.0,0.0,19.999999999999996
1672569600,_B42011D9-38A0-4D06-8C84-49836267E66B,battery4,ABC,-0.0,-0.0,-0.0,20.00000000000001
1672569600,_50310945-A608-4A94-98A9-B6E45510F0BF,battery1,ABC,-0.0,-0.0,-0.0,20.00000000000001
1672570200,_5FBE0EB4-B59A-4F56-9CC9-C00AA433006C,battery5,ABC,0.0,0.0,0.0,19.999999999999993
1672570200,_DC88677C-83A6-4B9A-A05F-578B8D5850EB,battery2,ABC,0.0,0.0,0.0,19.999999999999996
1672570200,_76CBB3CE-2D4C-4392-A1CD-AAEBC2AB5FA5,battery3,ABC,0.0,0.0,0.0,19.999999999999996
1672570200,_B42011D9-38A0-4D06-8C84-49836267E66B,battery4,ABC,-0.0,-0.0,-0.0,20.00000000000001
1672570200,_50310945-A608-4A94-98A9-B6E45510F0BF,battery1,ABC,-0.0,-0.0,-0.0,20.00000000000001
1672570800,_5FBE0EB4-B59A-4F56-9CC9-C00AA433006C,battery5,ABC,0.0,0.0,0.0,19.999999999999993
1672570800,_DC88677C-83A6-4B9A-A05F-578B8D5850EB,battery2,ABC,0.0,0.0,0.0,19.999999999999996
1672570800,_76CBB3CE-2D4C-4392-A1CD-AAEBC2AB5FA5,battery3,ABC,0.0,0.0,0.0,19.999999999999996
1672570800,_B42011D9-38A0-4D06-8C84-49836267E66B,battery4,ABC,-0.0,-0.0,-0.0,20.00000000000001
1672570800,_50310945-A608-4A94-98A9-B6E45510F0BF,battery1,ABC,-0.0,-0.0,-0.0,20.00000000000001
1672571400,_5FBE0EB4-B59A-4F56-9CC9-C00AA433006C,battery5,ABC,0.0,0.0,0.0,19.999999999999993
1672571400,_DC88677C-83A6-4B9A-A05F-578B8D5850EB,battery2,ABC,0.0,0.0,0.0,19.999999999999996
1672571400,_76CBB3CE-2D4C-4392-A1CD-AAEBC2AB5FA5,battery3,ABC,0.0,0.0,0.0,19.999999999999996
1672571400,_B42011D9-38A0-4D06-8C84-49836267E66B,battery4,ABC,-0.0,-0.0,-0.0,20.00000000000001
1672571400,_50310945-A608-4A94-98A9-B6E45510F0BF,battery1,ABC,-0.0,-0.0,-0.0,20.00000000000001
1672572000,_5FBE0EB4-B59A-4F56-9CC9-C00AA433006C,battery5,ABC,0.0,0.0,0.0,19.999999999999993
1672572000,_DC88677C-83A6-4B9A-A05F-578B8D5850EB,battery2,ABC,0.0,0.0,0.0,19.999999999999996
1672572000,_76CBB3CE-2D4C-4392-A1CD-AAEBC2AB5FA5,battery3,ABC,0.0,0.0,0.0,19.999999999999996
1672572000,_B42011D9-38A0-4D06-8C84-49836267E66B,battery4,ABC,-0.0,-0.0,-0.0,20.00000000000001
1672572000,_50310945-A608-4A94-98A9-B6E45510F0BF,battery1,ABC,-0.0,-0.0,-0.0,20.00000000000001
1672572600,_5FBE0EB4-B59A-4F56-9CC9-C00AA433006C,battery5,ABC,0.0,0.0,0.0,19.999999999999993
1672572600,_DC88677C-83A6-4B9A-A05F-578B8D5850EB,battery2,ABC,0.0,0.0,0.0,19.999999999999996
1672572600,_76CBB3CE-2D4C-4392-A1CD-AAEBC2AB5FA5,battery3,ABC,0.0,0.0,0.0,19.999999999999996
1672572600,_B42011D9-38A0-4D06-8C84-49836267E66B,battery4,ABC,49.921778498,49.921778498,49.921778498,24.712199536602306
1672572600,_50310945-A608-4A94-98A9-B6E45510F0BF,battery1,ABC,41.666666667,41.666666667,41.666666667,23.932833289122005
1672573200,_5FBE0EB4-B59A-4F56-9CC9-C00AA433006C,battery5,ABC,18.587294259,18.587294259,18.587294259,21.11096805925988
1672573200,_DC88677C-83A6-4B9A-A05F-578B8D5850EB,battery2,ABC,0.0,0.0,0.0,19.999999999999996
1672573200,_76CBB3CE-2D4C-4392-A1CD-AAEBC2AB5FA5,battery3,ABC,33.333333333,33.333333333,33.333333333,23.662286032655544
1672573200,_B42011D9-38A0-4D06-8C84-49836267E66B,battery4,ABC,50.0,50.0,50.0,29.46272965355259
1672573200,_50310945-A608-4A94-98A9-B6E45510F0BF,battery1,ABC,-0.0,0.0,0.0,24.22977539987786
1672573800,_5FBE0EB4-B59A-4F56-9CC9-C00AA433006C,battery5,ABC,83.333333333,83.333333333,83.333333333,26.247211566385175
1672573800,_DC88677C-83A6-4B9A-A05F-578B8D5850EB,battery2,ABC,0.0,0.0,0.0,19.999999999999996
1672573800,_76CBB3CE-2D4C-4392-A1CD-AAEBC2AB5FA5,battery3,ABC,0.0,-0.0,0.0,23.800859017674945
1672573800,_B42011D9-38A0-4D06-8C84-49836267E66B,battery4,ABC,30.700151431,30.700151431,30.700151431,32.47154895019494
1672573800,_50310945-A608-4A94-98A9-B6E45510F0BF,battery1,ABC,-0.0,0.0,0.0,24.22977539987786
1672574400,_5FBE0EB4-B59A-4F56-9CC9-C00AA433006C,battery5,ABC,83.333333333,83.333333333,83.333333333,31.526182424267045
1672574400,_DC88677C-83A6-4B9A-A05F-578B8D5850EB,battery2,ABC,25.740219036,25.740219036,25.740219036,21.99085803028741
1672574400,_76CBB3CE-2D4C-4392-A1CD-AAEBC2AB5FA5,battery3,ABC,0.0,-0.0,0.0,23.800859017674945
1672574400,_B42011D9-38A0-4D06-8C84-49836267E66B,battery4,ABC,-0.0,0.0,0.0,32.58446471778776
1672574400,_50310945-A608-4A94-98A9-B6E45510F0BF,battery1,ABC,-0.0,0.0,0.0,24.22977539987786
1672575000,_5FBE0EB4-B59A-4F56-9CC9-C00AA433006C,battery5,ABC,31.841365754999998,31.841365754999998,31.841365754999998,33.715095434504185
1672575000,_DC88677C-83A6-4B9A-A05F-578B8D5850EB,battery2,ABC,66.666666667,66.666666667,66.666666667,27.130782858309487
1672575000,_76CBB3CE-2D4C-4392-A1CD-AAEBC2AB5FA5,battery3,ABC,0.0,-0.0,0.0,23.800859017674945
1672575000,_B42011D9-38A0-4D06-8C84-49836267E66B,battery4,ABC,50.0,50.0,50.0,37.129658626424074
1672575000,_50310945-A608-4A94-98A9-B6E45510F0BF,battery1,ABC,-0.0,0.0,0.0,24.22977539987786
1672575600,_5FBE0EB4-B59A-4F56-9CC9-C00AA433006C,battery5,ABC,59.957215991999995,59.957215991999995,59.957215991999995,37.48674640163557
1672575600,_DC88677C-83A6-4B9A-A05F-578B8D5850EB,battery2,ABC,66.666666667,66.666666667,66.666666667,32.40975371619136
1672575600,_76CBB3CE-2D4C-4392-A1CD-AAEBC2AB5FA5,battery3,ABC,33.333333333,33.333333333,33.333333333,27.641310316784022
1672575600,_B42011D9-38A0-4D06-8C84-49836267E66B,battery4,ABC,50.0,50.0,50.0,41.880732398517786
1672575600,_50310945-A608-4A94-98A9-B6E45510F0BF,battery1,ABC,41.666666667,41.666666667,41.666666667,28.07022669898694
1672576200,_5FBE0EB4-B59A-4F56-9CC9-C00AA433006C,battery5,ABC,83.333333333,83.333333333,83.333333333,42.63485362964032
1672576200,_DC88677C-83A6-4B9A-A05F-578B8D5850EB,battery2,ABC,66.666666667,66.666666667,66.666666667,37.688724574073234
1672576200,_76CBB3CE-2D4C-4392-A1CD-AAEBC2AB5FA5,battery3,ABC,33.333333333,33.333333333,33.333333333,31.600538460195455
1672576200,_B42011D9-38A0-4D06-8C84-49836267E66B,battery4,ABC,50.0,50.0,50.0,46.6318061706115
1672576200,_50310945-A608-4A94-98A9-B6E45510F0BF,battery1,ABC,41.666666667,41.666666667,41.666666667,32.02945484239837
1672576800,_5FBE0EB4-B59A-4F56-9CC9-C00AA433006C,battery5,ABC,65.023806421,65.023806421,65.023806421,46.901730081915474
1672576800,_DC88677C-83A6-4B9A-A05F-578B8D5850EB,battery2,ABC,66.666666667,66.666666667,66.666666667,42.96769543195511
1672576800,_76CBB3CE-2D4C-4392-A1CD-AAEBC2AB5FA5,battery3,ABC,33.333333333,33.333333333,33.333333333,35.55976660360688
1672576800,_B42011D9-38A0-4D06-8C84-49836267E66B,battery4,ABC,50.0,50.0,50.0,51.38287994270521
1672576800,_50310945-A608-4A94-98A9-B6E45510F0BF,battery1,ABC,41.666666667,41.666666667,41.666666667,35.9886829858098
1672577400,_5FBE0EB4-B59A-4F56-9CC9-C00AA433006C,battery5,ABC,70.769213916,70.769213916,70.769213916,51.32586434275913
1672577400,_DC88677C-83A6-4B9A-A05F-578B8D5850EB,battery2,ABC,66.666666667,66.666666667,66.666666667,48.24666628983698
1672577400,_76CBB3CE-2D4C-4392-A1CD-AAEBC2AB5FA5,battery3,ABC,33.333333333,33.333333333,33.333333333,39.51899474701832
1672577400,_B42011D9-38A0-4D06-8C84-49836267E66B,battery4,ABC,-0.0,0.0,0.0,52.38852389113171
1672577400,_50310945-A608-4A94-98A9-B6E45510F0BF,battery1,ABC,41.666666667,41.666666667,41.666666667,39.94791112922123
1672578000,_5FBE0EB4-B59A-4F56-9CC9-C00AA433006C,battery5,ABC,54.164012571,54.164012571,54.164012571,54.80463071542945
1672578000,_DC88677C-83A6-4B9A-A05F-578B8D5850EB,battery2,ABC,66.666666667,66.666666667,66.666666667,53.525637147718854
1672578000,_76CBB3CE-2D4C-4392-A1CD-AAEBC2AB5FA5,battery3,ABC,33.333333333,33.333333333,33.333333333,43.47822289042974
1672578000,_B42011D9-38A0-4D06-8C84-49836267E66B,battery4,ABC,-0.0,0.0,0.0,52.38852389113171
1672578000,_50310945-A608-4A94-98A9-B6E45510F0BF,battery1,ABC,41.666666667,41.666666667,41.666666667,43.907139272632655
1672578600,_5FBE0EB4-B59A-4F56-9CC9-C00AA433006C,battery5,ABC,53.894764333,53.894764333,53.894764333,58.25080128968608
1672578600,_DC88677C-83A6-4B9A-A05F-578B8D5850EB,battery2,ABC,66.666666667,66.666666667,66.666666667,58.80460800560072
1672578600,_76CBB3CE-2D4C-4392-A1CD-AAEBC2AB5FA5,battery3,ABC,33.333333333,33.333333333,33.333333333,47.43745103384117
1672578600,_B42011D9-38A0-4D06-8C84-49836267E66B,battery4,ABC,-0.0,0.0,0.0,52.38852389113171
1672578600,_50310945-A608-4A94-98A9-B6E45510F0BF,battery1,ABC,41.666666667,41.666666667,41.666666667,47.866367416044085
1672579200,_5FBE0EB4-B59A-4F56-9CC9-C00AA433006C,battery5,ABC,64.284046803,64.284046803,64.284046803,62.31708646592695
1672579200,_DC88677C-83A6-4B9A-A05F-578B8D5850EB,battery2,ABC,66.666666667,66.666666667,66.666666667,64.08357886348259
1672579200,_76CBB3CE-2D4C-4392-A1CD-AAEBC2AB5FA5,battery3,ABC,0.0,-0.0,0.0,47.61561630029468
1672579200,_B42011D9-38A0-4D06-8C84-49836267E66B,battery4,ABC,-0.0,0.0,0.0,52.38852389113171
1672579200,_50310945-A608-4A94-98A9-B6E45510F0BF,battery1,ABC,41.666666667,41.666666667,41.666666667,51.82559555945551
1672579800,_5FBE0EB4-B59A-4F56-9CC9-C00AA433006C,battery5,ABC,-0.0,0.0,0.0,62.60377722852263
1672579800,_DC88677C-83A6-4B9A-A05F-578B8D5850EB,battery2,ABC,66.666666667,66.666666667,66.666666667,69.36254972136446
1672579800,_76CBB3CE-2D4C-4392-A1CD-AAEBC2AB5FA5,battery3,ABC,0.0,-0.0,0.0,47.61561630029468
1672579800,_B42011D9-38A0-4D06-8C84-49836267E66B,battery4,ABC,50.0,50.0,50.0,56.80702249917887
1672579800,_50310945-A608-4A94-98A9-B6E45510F0BF,battery1,ABC,27.814756874,27.814756874,27.814756874,54.5813249910016
1672580400,_5FBE0EB4-B59A-4F56-9CC9-C00AA433006C,battery5,ABC,-0.0,0.0,0.0,62.60377722852263
1672580400,_DC88677C-83A6-4B9A-A05F-578B8D5850EB,battery2,ABC,53.710908004,53.710908004,53.710908004,73.720079284236
1672580400,_76CBB3CE-2D4C-4392-A1CD-AAEBC2AB5FA5,battery3,ABC,0.0,-0.0,0.0,47.61561630029468
1672580400,_B42011D9-38A0-4D06-8C84-49836267E66B,battery4,ABC,-0.0,0.0,0.0,57.20294531352002
1672580400,_50310945-A608-4A94-98A9-B6E45510F0BF,battery1,ABC,41.666666667,41.666666667,41.666666667,58.43271274804517
1672581000,_5FBE0EB4-B59A-4F56-9CC9-C00AA433006C,battery5,ABC,-0.0,0.0,0.0,62.60377722852263
1672581000,_DC88677C-83A6-4B9A-A05F-578B8D5850EB,battery2,ABC,37.825359193,37.825359193,37.825359193,76.93287288615623
1672581000,_76CBB3CE-2D4C-4392-A1CD-AAEBC2AB5FA5,battery3,ABC,0.0,-0.0,0.0,47.61561630029468
1672581000,_B42011D9-38A0-4D06-8C84-49836267E66B,battery4,ABC,-0.0,0.0,0.0,57.20294531352002
1672581000,_50310945-A608-4A94-98A9-B6E45510F0BF,battery1,ABC,41.666666667,41.666666667,41.666666667,62.3919408914566
1672581600,_5FBE0EB4-B59A-4F56-9CC9-C00AA433006C,battery5,ABC,-0.0,0.0,0.0,62.60377722852263
1672581600,_DC88677C-83A6-4B9A-A05F-578B8D5850EB,battery2,ABC,62.507609902999995,62.507609902999995,62.507609902999995,81.77443055630737
1672581600,_76CBB3CE-2D4C-4392-A1CD-AAEBC2AB5FA5,battery3,ABC,0.0,-0.0,0.0,47.61561630029468
1672581600,_B42011D9-38A0-4D06-8C84-49836267E66B,battery4,ABC,-0.0,0.0,0.0,57.20294531352002
1672581600,_50310945-A608-4A94-98A9-B6E45510F0BF,battery1,ABC,-0.0,0.0,0.0,62.629494580061284
1672582200,_5FBE0EB4-B59A-4F56-9CC9-C00AA433006C,battery5,ABC,52.194059026000005,52.194059026000005,52.194059026000005,65.65765666810867
1672582200,_DC88677C-83A6-4B9A-A05F-578B8D5850EB,battery2,ABC,-0.0,-0.0,-0.0,82.19580243795619
1672582200,_76CBB3CE-2D4C-4392-A1CD-AAEBC2AB5FA5,battery3,ABC,0.0,-0.0,0.0,47.61561630029468
1672582200,_B42011D9-38A0-4D06-8C84-49836267E66B,battery4,ABC,-0.0,0.0,0.0,57.20294531352002
1672582200,_50310945-A608-4A94-98A9-B6E45510F0BF,battery1,ABC,-0.0,0.0,0.0,62.629494580061284
1672582800,_5FBE0EB4-B59A-4F56-9CC9-C00AA433006C,battery5,ABC,-0.0,0.0,0.0,65.67990715582879
1672582800,_DC88677C-83A6-4B9A-A05F-578B8D5850EB,battery2,ABC,0.0,-0.0,0.0,82.19580243795619
1672582800,_76CBB3CE-2D4C-4392-A1CD-AAEBC2AB5FA5,battery3,ABC,28.748158883,28.748158883,28.748158883,51.01911281367162
1672582800,_B42011D9-38A0-4D06-8C84-49836267E66B,battery4,ABC,-0.0,0.0,0.0,57.20294531352002
1672582800,_50310945-A608-4A94-98A9-B6E45510F0BF,battery1,ABC,-0.0,0.0,0.0,62.629494580061284
1672583400,_5FBE0EB4-B59A-4F56-9CC9-C00AA433006C,battery5,ABC,-0.0,0.0,0.0,65.67990715582879
1672583400,_DC88677C-83A6-4B9A-A05F-578B8D5850EB,battery2,ABC,-8.58067465,-8.58067465,-8.58067465,81.52279900900389
1672583400,_76CBB3CE-2D4C-4392-A1CD-AAEBC2AB5FA5,battery3,ABC,0.0,-0.0,0.0,51.31035160927938
1672583400,_B42011D9-38A0-4D06-8C84-49836267E66B,battery4,ABC,-0.0,0.0,0.0,57.20294531352002
1672583400,_50310945-A608-4A94-98A9-B6E45510F0BF,battery1,ABC,-0.0,0.0,0.0,62.629494580061284
1672584000,_5FBE0EB4-B59A-4F56-9CC9-C00AA433006C,battery5,ABC,-0.0,0.0,0.0,65.67990715582879
1672584000,_DC88677C-83A6-4B9A-A05F-578B8D5850EB,battery2,ABC,0.0,-0.0,0.0,81.4480208502314
1672584000,_76CBB3CE-2D4C-4392-A1CD-AAEBC2AB5FA5,battery3,ABC,-29.048707084,-29.048707084,-29.048707084,47.89662485739389
1672584000,_B42011D9-38A0-4D06-8C84-49836267E66B,battery4,ABC,-0.0,0.0,0.0,57.20294531352002
1672584000,_50310945-A608-4A94-98A9-B6E45510F0BF,battery1,ABC,-41.666666667,-41.666666667,-41.666666667,58.70015874159955
1672584600,_5FBE0EB4-B59A-4F56-9CC9-C00AA433006C,battery5,ABC,-0.0,0.0,0.0,65.67990715582879
1672584600,_DC88677C-83A6-4B9A-A05F-578B8D5850EB,battery2,ABC,-66.187374153,-66.187374153,-66.187374153,75.79399287685958
1672584600,_76CBB3CE-2D4C-4392-A1CD-AAEBC2AB5FA5,battery3,ABC,0.0,-0.0,0.0,47.807956630072184
1672584600,_B42011D9-38A0-4D06-8C84-49836267E66B,battery4,ABC,-0.0,0.0,0.0,57.20294531352002
1672584600,_50310945-A608-4A94-98A9-B6E45510F0BF,battery1,ABC,-0.0,0.0,0.0,58.59809807047067
1672585200,_5FBE0EB4-B59A-4F56-9CC9-C00AA433006C,battery5,ABC,-0.0,0.0,0.0,65.67990715582879
1672585200,_DC88677C-83A6-4B9A-A05F-578B8D5850EB,battery2,ABC,0.0,-0.0,0.0,75.72645329355991
1672585200,_76CBB3CE-2D4C-4392-A1CD-AAEBC2AB5FA5,battery3,ABC,-33.333333333,-33.333333333,-33.333333333,43.484958202970546
1672585200,_B42011D9-38A0-4D06-8C84-49836267E66B,battery4,ABC,-12.186594345,-12.186594345,-12.186594345,55.96078480821836
1672585200,_50310945-A608-4A94-98A9-B6E45510F0BF,battery1,ABC,-41.666666667,-41.666666667,-41.666666667,54.27509964336898
1672585800,_5FBE0EB4-B59A-4F56-9CC9-C00AA433006C,battery5,ABC,-0.0,0.0,0.0,65.67990715582879
1672585800,_DC88677C-83A6-4B9A-A05F-578B8D5850EB,battery2,ABC,-48.86134397,-48.86134397,-48.86134397,71.52165583906705
1672585800,_76CBB3CE-2D4C-4392-A1CD-AAEBC2AB5FA5,battery3,ABC,0.0,-0.0,0.0,43.44121791534389
1672585800,_B42011D9-38A0-4D06-8C84-49836267E66B,battery4,ABC,-0.0,0.0,0.0,55.94821657376337
1672585800,_50310945-A608-4A94-98A9-B6E45510F0BF,battery1,ABC,-41.666666667,-41.666666667,-41.666666667,49.90107088070286
1672586400,_5FBE0EB4-B59A-4F56-9CC9-C00AA433006C,battery5,ABC,-83.333333333,-83.333333333,-83.333333333,59.91590925302654
1672586400,_DC88677C-83A6-4B9A-A05F-578B8D5850EB,battery2,ABC,-36.773782700000005,-36.773782700000005,-36.773782700000005,68.326256398437
1672586400,_76CBB3CE-2D4C-4392-A1CD-AAEBC2AB5FA5,battery3,ABC,0.0,-0.0,0.0,43.44121791534389
1672586400,_B42011D9-38A0-4D06-8C84-49836267E66B,battery4,ABC,-0.0,0.0,0.0,55.94821657376337
1672586400,_50310945-A608-4A94-98A9-B6E45510F0BF,battery1,ABC,-0.0,0.0,0.0,49.85004054513843
1672587000,_5FBE0EB4-B59A-4F56-9CC9-C00AA433006C,battery5,ABC,-83.333333333,-83.333333333,-83.333333333,54.083870902805046
1672587000,_DC88677C-83A6-4B9A-A05F-578B8D5850EB,battery2,ABC,-66.666666667,-66.666666667,-66.666666667,62.569274623433955
1672587000,_76CBB3CE-2D4C-4392-A1CD-AAEBC2AB5FA5,battery3,ABC,-4.775693198,-4.775693198,-4.775693198,42.84437088919586
1672587000,_B42011D9-38A0-4D06-8C84-49836267E66B,battery4,ABC,-0.0,0.0,0.0,55.94821657376337
1672587000,_50310945-A608-4A94-98A9-B6E45510F0BF,battery1,ABC,-0.0,0.0,0.0,49.85004054513843
1672587600,_5FBE0EB4-B59A-4F56-9CC9-C00AA433006C,battery5,ABC,-83.333333333,-83.333333333,-83.333333333,48.25183255258356
1672587600,_DC88677C-83A6-4B9A-A05F-578B8D5850EB,battery2,ABC,-27.306279632000003,-27.306279632000003,-27.306279632000003,60.12662832174548
1672587600,_76CBB3CE-2D4C-4392-A1CD-AAEBC2AB5FA5,battery3,ABC,-33.333333333,-33.333333333,-33.333333333,38.56433657562693
1672587600,_B42011D9-38A0-4D06-8C84-49836267E66B,battery4,ABC,-50.0,-50.0,-50.0,50.83060292144403
1672587600,_50310945-A608-4A94-98A9-B6E45510F0BF,battery1,ABC,-41.666666667,-41.666666667,-41.666666667,45.585362501539
1672588200,_5FBE0EB4-B59A-4F56-9CC9-C00AA433006C,battery5,ABC,-83.333333333,-83.333333333,-83.333333333,42.41979420236211
1672588200,_DC88677C-83A6-4B9A-A05F-578B8D5850EB,battery2,ABC,-66.666666667,-66.666666667,-66.666666667,54.491580278618216
1672588200,_76CBB3CE-2D4C-4392-A1CD-AAEBC2AB5FA5,battery3,ABC,-33.333333333,-33.333333333,-33.333333333,34.19030781296086
1672588200,_B42011D9-38A0-4D06-8C84-49836267E66B,battery4,ABC,-50.0,-50.0,-50.0,45.58176840624473
1672588200,_50310945-A608-4A94-98A9-B6E45510F0BF,battery1,ABC,-37.452009088,-37.452009088,-37.452009088,41.63769576607872
1672588800,_5FBE0EB4-B59A-4F56-9CC9-C00AA433006C,battery5,ABC,-83.333333333,-83.333333333,-83.333333333,36.58775585214066
1672588800,_DC88677C-83A6-4B9A-A05F-578B8D5850EB,battery2,ABC,-66.666666667,-66.666666667,-66.666666667,48.65954192839673
1672588800,_76CBB3CE-2D4C-4392-A1CD-AAEBC2AB5FA5,battery3,ABC,-33.333333333,-33.333333333,-33.333333333,29.816279050294792
1672588800,_B42011D9-38A0-4D06-8C84-49836267E66B,battery4,ABC,-50.0,-50.0,-50.0,40.33293389104542
1672588800,_50310945-A608-4A94-98A9-B6E45510F0BF,battery1,ABC,-41.666666667,-41.666666667,-41.666666667,37.265926872814795
1672589400,_5FBE0EB4-B59A-4F56-9CC9-C00AA433006C,battery5,ABC,-83.333333333,-83.333333333,-83.333333333,30.75571750191921
1672589400,_DC88677C-83A6-4B9A-A05F-578B8D5850EB,battery2,ABC,-66.666666667,-66.666666667,-66.666666667,42.82750357817528
1672589400,_76CBB3CE-2D4C-4392-A1CD-AAEBC2AB5FA5,battery3,ABC,-33.333333333,-33.333333333,-33.333333333,25.442250287628713
1672589400,_B42011D9-38A0-4D06-8C84-49836267E66B,battery4,ABC,-50.0,-50.0,-50.0,35.08409937584611
1672589400,_50310945-A608-4A94-98A9-B6E45510F0BF,battery1,ABC,-41.666666667,-41.666666667,-41.666666667,32.89189811014872
1672590000,_5FBE0EB4-B59A-4F56-9CC9-C00AA433006C,battery5,ABC,-83.333333333,-83.333333333,-83.333333333,24.923679151697765
1672590000,_DC88677C-83A6-4B9A-A05F-578B8D5850EB,battery2,ABC,-66.666666667,-66.666666667,-66.666666667,36.99546522795384
1672590000,_76CBB3CE-2D4C-4392-A1CD-AAEBC2AB5FA5,battery3,ABC,-29.025334867,-29.025334867,-29.025334867,21.623182909325102
1672590000,_B42011D9-38A0-4D06-8C84-49836267E66B,battery4,ABC,-50.0,-50.0,-50.0,29.8352648606468
1672590000,_50310945-A608-4A94-98A9-B6E45510F0BF,battery1,ABC,-41.666666667,-41.666666667,-41.666666667,28.517869347482595
1672590600,_5FBE0EB4-B59A-4F56-9CC9-C00AA433006C,battery5,ABC,-49.236791517,-49.236791517,-49.236791517,21.26518544105285
1672590600,_DC88677C-83A6-4B9A-A05F-578B8D5850EB,battery2,ABC,-66.666666667,-66.666666667,-66.666666667,31.163426877732388
1672590600,_76CBB3CE-2D4C-4392-A1CD-AAEBC2AB5FA5,battery3,ABC,-8.656975516000001,-8.656975516000001,-8.656975516000001,20.234245063308943
1672590600,_B42011D9-38A0-4D06-8C84-49836267E66B,battery4,ABC,-50.0,-50.0,-50.0,24.58643034544749
1672590600,_50310945-A608-4A94-98A9-B6E45510F0BF,battery1,ABC,-41.666666667,-41.666666667,-41.666666667,24.143840584816513
1672591200,_5FBE0EB4-B59A-4F56-9CC9-C00AA433006C,battery5,ABC,-12.651854411,-12.651854411,-12.651854411,20.291113072767264
1672591200,_DC88677C-83A6-4B9A-A05F-578B8D5850EB,battery2,ABC,-66.666666667,-66.666666667,-66.666666667,25.331388527510935
1672591200,_76CBB3CE-2D4C-4392-A1CD-AAEBC2AB5FA5,battery3,ABC,-1.249307004,-1.249307004,-1.249307004,20.03410436146416
1672591200,_B42011D9-38A0-4D06-8C84-49836267E66B,battery4,ABC,-30.576202303,-30.576202303,-30.576202303,21.319935047491335
1672591200,_50310945-A608-4A94-98A9-B6E45510F0BF,battery1,ABC,-27.625603899,-27.625603899,-27.625603899,21.204577868638598
1672591800,_5FBE0EB4-B59A-4F56-9CC9-C00AA433006C,battery5,ABC,-2.9111307280000003,-2.9111307280000003,-2.9111307280000003,19.97597182122483
1672591800,_DC88677C-83A6-4B9A-A05F-578B8D5850EB,battery2,ABC,-42.651108220000005,-42.651108220000005,-42.651108220000005,21.262395826905475
1672591800,_76CBB3CE-2D4C-4392-A1CD-AAEBC2AB5FA5,battery3,ABC,-0.181889928,-0.181889928,-0.181889928,19.987038994952123
1672591800,_B42011D9-38A0-4D06-8C84-49836267E66B,battery4,ABC,-8.799566983,-8.799566983,-8.799566983,20.01962712211528
1672591800,_50310945-A608-4A94-98A9-B6E45510F0BF,battery1,ABC,-8.030519124,-8.030519124,-8.030519124,20.022067837056817
1672592400,_5FBE0EB4-B59A-4F56-9CC9-C00AA433006C,battery5,ABC,0.240281788,0.240281788,0.240281788,19.96652599633231
1672592400,_DC88677C-83A6-4B9A-A05F-578B8D5850EB,battery2,ABC,0.0,-0.0,0.0,20.83080827907007
1672592400,_76CBB3CE-2D4C-4392-A1CD-AAEBC2AB5FA5,battery3,ABC,0.06912536,0.06912536,0.06912536,19.991759449763354
1672592400,_B42011D9-38A0-4D06-8C84-49836267E66B,battery4,ABC,-0.0,0.0,0.0,19.91391374660029
1672592400,_50310945-A608-4A94-98A9-B6E45510F0BF,battery1,ABC,-0.0,0.0,0.0,19.92555666972839
1672593000,_5FBE0EB4-B59A-4F56-9CC9-C00AA433006C,battery5,ABC,0.334740037,0.334740037,0.334740037,19.987657663688214
1672593000,_DC88677C-83A6-4B9A-A05F-578B8D5850EB,battery2,ABC,0.0,-0.0,0.0,20.83080827907007
1672593000,_76CBB3CE-2D4C-4392-A1CD-AAEBC2AB5FA5,battery3,ABC,0.043949601,0.043949601,0.043949601,19.99742753348495
1672593000,_B42011D9-38A0-4D06-8C84-49836267E66B,battery4,ABC,0.573908356,0.573908356,0.573908356,19.964165511928204
1672593000,_50310945-A608-4A94-98A9-B6E45510F0BF,battery1,ABC,0.496288868,0.496288868,0.496288868,19.969011522583966
1672593600,_5FBE0EB4-B59A-4F56-9CC9-C00AA433006C,battery5,ABC,0.123423363,0.123423363,0.123423363,19.995817199934862
1672593600,_DC88677C-83A6-4B9A-A05F-578B8D5850EB,battery2,ABC,0.0,-0.0,0.0,20.83080827907007
1672593600,_76CBB3CE-2D4C-4392-A1CD-AAEBC2AB5FA5,battery3,ABC,0.013719821,0.013719821,0.013719821,19.999136459138604
1672593600,_B42011D9-38A0-4D06-8C84-49836267E66B,battery4,ABC,0.23889658700000002,0.23889658700000002,0.23889658700000002,19.987781445818655
1672593600,_50310945-A608-4A94-98A9-B6E45510F0BF,battery1,ABC,0.206589849,0.206589849,0.206589849,19.98943368978936
1672594200,_5FBE0EB4-B59A-4F56-9CC9-C00AA433006C,battery5,ABC,0.041828001000000004,0.041828001000000004,0.041828001000000004,19.998677407909707
1672594200,_DC88677C-83A6-4B9A-A05F-578B8D5850EB,battery2,ABC,0.0,-0.0,0.0,20.83080827907007
1672594200,_76CBB3CE-2D4C-4392-A1CD-AAEBC2AB5FA5,battery3,ABC,0.004605551,0.004605551,0.004605551,19.999727379565044
1672594200,_B42011D9-38A0-4D06-8C84-49836267E66B,battery4,ABC,0.081457028,0.081457028,0.081457028,19.996132432451283
1672594200,_50310945-A608-4A94-98A9-B6E45510F0BF,battery1,ABC,0.07044206800000001,0.07044206800000001,0.07044206800000001,19.996655401946395
1672594800,_5FBE0EB4-B59A-4F56-9CC9-C00AA433006C,battery5,ABC,0.013225921,0.013225921,0.013225921,19.999726097851728
1672594800,_DC88677C-83A6-4B9A-A05F-578B8D5850EB,battery2,ABC,0.0,-0.0,0.0,20.83080827907007
1672594800,_76CBB3CE-2D4C-4392-A1CD-AAEBC2AB5FA5,battery3,ABC,0.0014539759999999998,0.0014539759999999998,0.0014539759999999998,19.999943632442417
1672594800,_B42011D9-38A0-4D06-8C84-49836267E66B,battery4,ABC,0.025783784,0.025783784,0.025783784,19.999198146019772
1672594800,_50310945-A608-4A94-98A9-B6E45510F0BF,battery1,ABC,0.02229732,0.02229732,0.02229732,19.99930656593068
1672595400,_5FBE0EB4-B59A-4F56-9CC9-C00AA433006C,battery5,ABC,0.0027390210000000003,0.0027390210000000003,0.0027390210000000003,19.999915494840934
1672595400,_DC88677C-83A6-4B9A-A05F-578B8D5850EB,battery2,ABC,0.0,-0.0,0.0,20.83080827907007
1672595400,_76CBB3CE-2D4C-4392-A1CD-AAEBC2AB5FA5,battery3,ABC,0.000300627,0.000300627,0.000300627,19.9999826140822
1672595400,_B42011D9-38A0-4D06-8C84-49836267E66B,battery4,ABC,0.0053456929999999995,0.0053456929999999995,0.0053456929999999995,19.999752560959124
1672595400,_50310945-A608-4A94-98A9-B6E45510F0BF,battery1,ABC,0.004622894,0.004622894,0.004622894,19.99978601718384
1672596000,_5FBE0EB4-B59A-4F56-9CC9-C00AA433006C,battery5,ABC,0.000845052,0.000845052,0.000845052,19.99997103871893
1672596000,_DC88677C-83A6-4B9A-A05F-578B8D5850EB,battery2,ABC,0.0,-0.0,0.0,20.83080827907007
1672596000,_76CBB3CE-2D4C-4392-A1CD-AAEBC2AB5FA5,battery3,ABC,9.2725e-05,9.2725e-05,9.2725e-05,19.999994041618223
1672596000,_B42011D9-38A0-4D06-8C84-49836267E66B,battery4,ABC,0.001649594,0.001649594,0.001649594,19.999915198035474
1672596000,_50310945-A608-4A94-98A9-B6E45510F0BF,battery1,ABC,0.001426552,0.001426552,0.001426552,19.999926664097412
1672596600,_5FBE0EB4-B59A-4F56-9CC9-C00AA433006C,battery5,ABC,0.00028961300000000003,0.00028961300000000003,0.00028961300000000003,19.999990886482585
1672596600,_DC88677C-83A6-4B9A-A05F-578B8D5850EB,battery2,ABC,0.0,-0.0,0.0,20.83080827907007
1672596600,_76CBB3CE-2D4C-4392-A1CD-AAEBC2AB5FA5,battery3,ABC,3.1778e-05,3.1778e-05,3.1778e-05,19.999998125023367
1672596600,_B42011D9-38A0-4D06-8C84-49836267E66B,battery4,ABC,0.000565346,0.000565346,0.000565346,19.999973314525
1672596600,_50310945-A608-4A94-98A9-B6E45510F0BF,battery1,ABC,0.000488906,0.000488906,0.000488906,19.999976922663258
1672597200,_5FBE0EB4-B59A-4F56-9CC9-C00AA433006C,battery5,ABC,9.113499999999999e-05,9.113499999999999e-05,9.113499999999999e-05,19.99999941197944
1672597200,_DC88677C-83A6-4B9A-A05F-578B8D5850EB,battery2,ABC,0.0,-0.0,0.0,20.83080827907007
1672597200,_76CBB3CE-2D4C-4392-A1CD-AAEBC2AB5FA5,battery3,ABC,1e-05,1e-05,1e-05,19.999999879024514
1672597200,_B42011D9-38A0-4D06-8C84-49836267E66B,battery4,ABC,0.000177903,0.000177903,0.000177903,19.999998278182236
1672597200,_50310945-A608-4A94-98A9-B6E45510F0BF,battery1,ABC,0.000153849,0.000153849,0.000153849,19.999998510988288
1672597800,_5FBE0EB4-B59A-4F56-9CC9-C00AA433006C,battery5,ABC,5.88e-06,5.88e-06,5.88e-06,19.99999998814786
1672597800,_DC88677C-83A6-4B9A-A05F-578B8D5850EB,battery2,ABC,-0.0,-0.0,-0.0,20.83080827907007
1672597800,_76CBB3CE-2D4C-4392-A1CD-AAEBC2AB5FA5,battery3,ABC,6.45e-07,6.45e-07,6.45e-07,19.99999999756211
1672597800,_B42011D9-38A0-4D06-8C84-49836267E66B,battery4,ABC,1.1479e-05,1.1479e-05,1.1479e-05,19.999999965286936
1672597800,_50310945-A608-4A94-98A9-B6E45510F0BF,battery1,ABC,9.927e-06,9.927e-06,9.927e-06,19.999999969980227
1672598400,_5FBE0EB4-B59A-4F56-9CC9-C00AA433006C,battery5,ABC,1.1900000000000001e-07,1.1900000000000001e-07,1.1900000000000001e-07,19.999999998972665
1672598400,_DC88677C-83A6-4B9A-A05F-578B8D5850EB,battery2,ABC,-6.646466233,-6.646466233,-6.646466233,20.266201426274762
1672598400,_76CBB3CE-2D4C-4392-A1CD-AAEBC2AB5FA5,battery3,ABC,1.2999999999999999e-08,1.2999999999999999e-08,1.2999999999999999e-08,19.999999999788812
1672598400,_B42011D9-38A0-4D06-8C84-49836267E66B,battery4,ABC,2.3100000000000002e-07,2.3100000000000002e-07,2.3100000000000002e-07,19.999999996988898
1672598400,_50310945-A608-4A94-98A9-B6E45510F0BF,battery1,ABC,2.0000000000000002e-07,2.0000000000000002e-07,2.0000000000000002e-07,19.99999999739596
1672599000,_5FBE0EB4-B59A-4F56-9CC9-C00AA433006C,battery5,ABC,1e-08,1e-08,1e-08,19.99999999969907
1672599000,_DC88677C-83A6-4B9A-A05F-578B8D5850EB,battery2,ABC,-2.12961141,-2.12961141,-2.12961141,20.08082592416524
1672599000,_76CBB3CE-2D4C-4392-A1CD-AAEBC2AB5FA5,battery3,ABC,9.999999999999999e-10,9.999999999999999e-10,9.999999999999999e-10,19.999999999938154
1672599000,_B42011D9-38A0-4D06-8C84-49836267E66B,battery4,ABC,2e-08,2e-08,2e-08,19.999999999117833
1672599000,_50310945-A608-4A94-98A9-B6E45510F0BF,battery1,ABC,1.7e-08,1.7e-08,1.7e-08,19.99999999923708
1672599600,_5FBE0EB4-B59A-4F56-9CC9-C00AA433006C,battery5,ABC,3e-09,3e-09,3e-09,19.999999999920632
1672599600,_DC88677C-83A6-4B9A-A05F-578B8D5850EB,battery2,ABC,-0.646607393,-0.646607393,-0.646607393,20.018570378749097
1672599600,_76CBB3CE-2D4C-4392-A1CD-AAEBC2AB5FA5,battery3,ABC,0.0,0.0,0.0,19.999999999983682
1672599600,_B42011D9-38A0-4D06-8C84-49836267E66B,battery4,ABC,6e-09,6e-09,6e-09,19.999999999767347
1672599600,_50310945-A608-4A94-98A9-B6E45510F0BF,battery1,ABC,5e-09,5e-09,5e-09,19.99999999979881
1672600200,_5FBE0EB4-B59A-4F56-9CC9-C00AA433006C,battery5,ABC,9.999999999999999e-10,9.999999999999999e-10,9.999999999999999e-10,19.99999999998615
1672600200,_DC88677C-83A6-4B9A-A05F-578B8D5850EB,battery2,ABC,-0.14856302999999998,-0.14856302999999998,-0.14856302999999998,20.00175604944994
1672600200,_76CBB3CE-2D4C-4392-A1CD-AAEBC2AB5FA5,battery3,ABC,0.0,0.0,0.0,19.999999999997147
1672600200,_B42011D9-38A0-4D06-8C84-49836267E66B,battery4,ABC,1.9999999999999997e-09,1.9999999999999997e-09,1.9999999999999997e-09,19.99999999995937
1672600200,_50310945-A608-4A94-98A9-B6E45510F0BF,battery1,ABC,9.999999999999999e-10,9.999999999999999e-10,9.999999999999999e-10,19.99999999996489
1672600800,_5FBE0EB4-B59A-4F56-9CC9-C00AA433006C,battery5,ABC,0.0,0.0,0.0,19.999999999998195
1672600800,_DC88677C-83A6-4B9A-A05F-578B8D5850EB,battery2,ABC,-0.014048396000000001,-0.014048396000000001,-0.014048396000000001,19.99973133102469
1672600800,_76CBB3CE-2D4C-4392-A1CD-AAEBC2AB5FA5,battery3,ABC,0.0,0.0,0.0,19.999999999999634
1672600800,_B42011D9-38A0-4D06-8C84-49836267E66B,battery4,ABC,0.0,0.0,0.0,19.999999999994717
1672600800,_50310945-A608-4A94-98A9-B6E45510F0BF,battery1,ABC,0.0,0.0,0.0,19.999999999995442
1672601400,_5FBE0EB4-B59A-4F56-9CC9-C00AA433006C,battery5,ABC,0.0,0.0,0.0,19.999999999999662
1672601400,_DC88677C-83A6-4B9A-A05F-578B8D5850EB,battery2,ABC,0.0021493519999999998,0.0021493519999999998,0.0021493519999999998,19.999853243653696
1672601400,_76CBB3CE-2D4C-4392-A1CD-AAEBC2AB5FA5,battery3,ABC,0.0,0.0,0.0,19.999999999999947
1672601400,_B42011D9-38A0-4D06-8C84-49836267E66B,battery4,ABC,0.0,0.0,0.0,19.999999999999037
1672601400,_50310945-A608-4A94-98A9-B6E45510F0BF,battery1,ABC,0.0,0.0,0.0,19.999999999999172
1672602000,_5FBE0EB4-B59A-4F56-9CC9-C00AA433006C,battery5,ABC,0.0,0.0,0.0,19.99999999999996
1672602000,_DC88677C-83A6-4B9A-A05F-578B8D5850EB,battery2,ABC,0.001174051,0.001174051,0.001174051,19.999955106753916
1672602000,_76CBB3CE-2D4C-4392-A1CD-AAEBC2AB5FA5,battery3,ABC,0.0,0.0,0.0,19.99999999999999
1672602000,_B42011D9-38A0-4D06-8C84-49836267E66B,battery4,ABC,0.0,0.0,0.0,19.999999999999904
1672602000,_50310945-A608-4A94-98A9-B6E45510F0BF,battery1,ABC,0.0,0.0,0.0,19.999999999999897
1672602600,_5FBE0EB4-B59A-4F56-9CC9-C00AA433006C,battery5,ABC,0.0,0.0,0.0,20.000000000000004
1672602600,_DC88677C-83A6-4B9A-A05F-578B8D5850EB,battery2,ABC,0.000359146,0.000359146,0.000359146,19.999990467050598
1672602600,_76CBB3CE-2D4C-4392-A1CD-AAEBC2AB5FA5,battery3,ABC,0.0,0.0,0.0,19.999999999999993
1672602600,_B42011D9-38A0-4D06-8C84-49836267E66B,battery4,ABC,0.0,0.0,0.0,20.00000000000001
1672602600,_50310945-A608-4A94-98A9-B6E45510F0BF,battery1,ABC,0.0,0.0,0.0,20.000000000000025
1672603200,_5FBE0EB4-B59A-4F56-9CC9-C00AA433006C,battery5,ABC,-0.0,-0.0,-0.0,20.000000000000004
1672603200,_DC88677C-83A6-4B9A-A05F-578B8D5850EB,battery2,ABC,7.6264e-05,7.6264e-05,7.6264e-05,19.99999685500244
1672603200,_76CBB3CE-2D4C-4392-A1CD-AAEBC2AB5FA5,battery3,ABC,0.0,0.0,0.0,19.999999999999993
1672603200,_B42011D9-38A0-4D06-8C84-49836267E66B,battery4,ABC,-0.0,-0.0,-0.0,20.00000000000001
1672603200,_50310945-A608-4A94-98A9-B6E45510F0BF,battery1,ABC,-0.0,-0.0,-0.0,19.999999999999996
1672603800,_5FBE0EB4-B59A-4F56-9CC9-C00AA433006C,battery5,ABC,-0.0,-0.0,-0.0,20.000000000000004
1672603800,_DC88677C-83A6-4B9A-A05F-578B8D5850EB,battery2,ABC,2.516e-05,2.516e-05,2.516e-05,19.999999065337562
1672603800,_76CBB3CE-2D4C-4392-A1CD-AAEBC2AB5FA5,battery3,ABC,0.0,0.0,0.0,19.999999999999993
1672603800,_B42011D9-38A0-4D06-8C84-49836267E66B,battery4,ABC,-0.0,-0.0,-0.0,20.00000000000001
1672603800,_50310945-A608-4A94-98A9-B6E45510F0BF,battery1,ABC,0.0,0.0,0.0,19.999999999999996
1672604400,_5FBE0EB4-B59A-4F56-9CC9-C00AA433006C,battery5,ABC,-0.0,-0.0,-0.0,20.000000000000004
1672604400,_DC88677C-83A6-4B9A-A05F-578B8D5850EB,battery2,ABC,7.477e-06,7.477e-06,7.477e-06,19.99999970399703
1672604400,_76CBB3CE-2D4C-4392-A1CD-AAEBC2AB5FA5,battery3,ABC,0.0,0.0,0.0,19.999999999999993
1672604400,_B42011D9-38A0-4D06-8C84-49836267E66B,battery4,ABC,-0.0,-0.0,-0.0,20.00000000000001
1672604400,_50310945-A608-4A94-98A9-B6E45510F0BF,battery1,ABC,0.0,0.0,0.0,19.999999999999996
1672605000,_5FBE0EB4-B59A-4F56-9CC9-C00AA433006C,battery5,ABC,-0.0,-0.0,-0.0,20.000000000000004
1672605000,_DC88677C-83A6-4B9A-A05F-578B8D5850EB,battery2,ABC,2.368e-06,2.368e-06,2.368e-06,19.999999935144295
1672605000,_76CBB3CE-2D4C-4392-A1CD-AAEBC2AB5FA5,battery3,ABC,0.0,0.0,0.0,19.999999999999993
1672605000,_B42011D9-38A0-4D06-8C84-49836267E66B,battery4,ABC,-0.0,-0.0,-0.0,20.00000000000001
1672605000,_50310945-A608-4A94-98A9-B6E45510F0BF,battery1,ABC,0.0,0.0,0.0,19.999999999999996
1672605600,_5FBE0EB4-B59A-4F56-9CC9-C00AA433006C,battery5,ABC,-0.0,-0.0,-0.0,20.000000000000004
1672605600,_DC88677C-83A6-4B9A-A05F-578B8D5850EB,battery2,ABC,5.19e-07,5.19e-07,5.19e-07,19.99999999007141
1672605600,_76CBB3CE-2D4C-4392-A1CD-AAEBC2AB5FA5,battery3,ABC,0.0,0.0,0.0,19.999999999999993
1672605600,_B42011D9-38A0-4D06-8C84-49836267E66B,battery4,ABC,-0.0,-0.0,-0.0,20.00000000000001
1672605600,_50310945-A608-4A94-98A9-B6E45510F0BF,battery1,ABC,0.0,0.0,0.0,19.999999999999996
1672606200,_5FBE0EB4-B59A-4F56-9CC9-C00AA433006C,battery5,ABC,-0.0,-0.0,-0.0,20.000000000000004
1672606200,_DC88677C-83A6-4B9A-A05F-578B8D5850EB,battery2,ABC,7.899999999999999e-08,7.899999999999999e-08,7.899999999999999e-08,19.999999998012605
1672606200,_76CBB3CE-2D4C-4392-A1CD-AAEBC2AB5FA5,battery3,ABC,0.0,0.0,0.0,19.999999999999993
1672606200,_B42011D9-38A0-4D06-8C84-49836267E66B,battery4,ABC,-0.0,-0.0,-0.0,20.00000000000001
1672606200,_50310945-A608-4A94-98A9-B6E45510F0BF,battery1,ABC,0.0,0.0,0.0,19.999999999999996
1672606800,_5FBE0EB4-B59A-4F56-9CC9-C00AA433006C,battery5,ABC,-0.0,-0.0,-0.0,20.000000000000004
1672606800,_DC88677C-83A6-4B9A-A05F-578B8D5850EB,battery2,ABC,1.5999999999999998e-08,1.5999999999999998e-08,1.5999999999999998e-08,19.999999999338815
1672606800,_76CBB3CE-2D4C-4392-A1CD-AAEBC2AB5FA5,battery3,ABC,0.0,0.0,0.0,19.999999999999993
1672606800,_B42011D9-38A0-4D06-8C84-49836267E66B,battery4,ABC,-0.0,-0.0,-0.0,20.00000000000001
1672606800,_50310945-A608-4A94-98A9-B6E45510F0BF,battery1,ABC,0.0,0.0,0.0,19.999999999999996
1672607400,_5FBE0EB4-B59A-4F56-9CC9-C00AA433006C,battery5,ABC,-0.0,-0.0,-0.0,20.000000000000004
1672607400,_DC88677C-83A6-4B9A-A05F-578B8D5850EB,battery2,ABC,5e-09,5e-09,5e-09,19.99999999977433
1672607400,_76CBB3CE-2D4C-4392-A1CD-AAEBC2AB5FA5,battery3,ABC,0.0,0.0,0.0,19.999999999999993
1672607400,_B42011D9-38A0-4D06-8C84-49836267E66B,battery4,ABC,-0.0,-0.0,-0.0,20.00000000000001
1672607400,_50310945-A608-4A94-98A9-B6E45510F0BF,battery1,ABC,0.0,0.0,0.0,19.999999999999996
1672608000,_5FBE0EB4-B59A-4F56-9CC9-C00AA433006C,battery5,ABC,-0.0,-0.0,-0.0,20.000000000000004
1672608000,_DC88677C-83A6-4B9A-A05F-578B8D5850EB,battery2,ABC,1.9999999999999997e-09,1.9999999999999997e-09,1.9999999999999997e-09,19.999999999930456
1672608000,_76CBB3CE-2D4C-4392-A1CD-AAEBC2AB5FA5,battery3,ABC,0.0,0.0,0.0,19.999999999999993
1672608000,_B42011D9-38A0-4D06-8C84-49836267E66B,battery4,ABC,-0.0,-0.0,-0.0,20.00000000000001
1672608000,_50310945-A608-4A94-98A9-B6E45510F0BF,battery1,ABC,0.0,0.0,0.0,19.999999999999996
1672608600,_5FBE0EB4-B59A-4F56-9CC9-C00AA433006C,battery5,ABC,-0.0,-0.0,-0.0,20.000000000000004
1672608600,_DC88677C-83A6-4B9A-A05F-578B8D5850EB,battery2,ABC,9.999999999999999e-10,9.999999999999999e-10,9.999999999999999e-10,19.999999999980403
1672608600,_76CBB3CE-2D4C-4392-A1CD-AAEBC2AB5FA5,battery3,ABC,0.0,0.0,0.0,19.999999999999993
1672608600,_B42011D9-38A0-4D06-8C84-49836267E66B,battery4,ABC,-0.0,-0.0,-0.0,20.00000000000001
1672608600,_50310945-A608-4A94-98A9-B6E45510F0BF,battery1,ABC,0.0,0.0,0.0,19.999999999999996
1672609200,_5FBE0EB4-B59A-4F56-9CC9-C00AA433006C,battery5,ABC,-0.0,-0.0,-0.0,20.000000000000004
1672609200,_DC88677C-83A6-4B9A-A05F-578B8D5850EB,battery2,ABC,0.0,0.0,0.0,19.999999999994387
1672609200,_76CBB3CE-2D4C-4392-A1CD-AAEBC2AB5FA5,battery3,ABC,0.0,0.0,0.0,19.999999999999993
1672609200,_B42011D9-38A0-4D06-8C84-49836267E66B,battery4,ABC,-0.0,-0.0,-0.0,20.00000000000001
1672609200,_50310945-A608-4A94-98A9-B6E45510F0BF,battery1,ABC,0.0,0.0,0.0,19.999999999999996
1672609800,_5FBE0EB4-B59A-4F56-9CC9-C00AA433006C,battery5,ABC,-0.0,-0.0,-0.0,20.000000000000004
1672609800,_DC88677C-83A6-4B9A-A05F-578B8D5850EB,battery2,ABC,0.0,0.0,0.0,19.999999999998522
1672609800,_76CBB3CE-2D4C-4392-A1CD-AAEBC2AB5FA5,battery3,ABC,0.0,0.0,0.0,19.999999999999993
1672609800,_B42011D9-38A0-4D06-8C84-49836267E66B,battery4,ABC,-0.0,-0.0,-0.0,20.00000000000001
1672609800,_50310945-A608-4A94-98A9-B6E45510F0BF,battery1,ABC,0.0,0.0,0.0,19.999999999999996
1672610400,_5FBE0EB4-B59A-4F56-9CC9-C00AA433006C,battery5,ABC,-0.0,-0.0,-0.0,20.000000000000004
1672610400,_DC88677C-83A6-4B9A-A05F-578B8D5850EB,battery2,ABC,0.0,0.0,0.0,19.999999999999762
1672610400,_76CBB3CE-2D4C-4392-A1CD-AAEBC2AB5FA5,battery3,ABC,0.0,0.0,0.0,19.999999999999993
1672610400,_B42011D9-38A0-4D06-8C84-49836267E66B,battery4,ABC,-0.0,-0.0,-0.0,20.00000000000001
1672610400,_50310945-A608-4A94-98A9-B6E45510F0BF,battery1,ABC,0.0,0.0,0.0,19.999999999999996
1672611000,_5FBE0EB4-B59A-4F56-9CC9-C00AA433006C,battery5,ABC,-0.0,-0.0,-0.0,20.000000000000004
1672611000,_DC88677C-83A6-4B9A-A05F-578B8D5850EB,battery2,ABC,0.0,0.0,0.0,19.999999999999943
1672611000,_76CBB3CE-2D4C-4392-A1CD-AAEBC2AB5FA5,battery3,ABC,0.0,0.0,0.0,19.999999999999993
1672611000,_B42011D9-38A0-4D06-8C84-49836267E66B,battery4,ABC,-0.0,-0.0,-0.0,20.00000000000001
1672611000,_50310945-A608-4A94-98A9-B6E45510F0BF,battery1,ABC,0.0,0.0,0.0,19.999999999999996
1672611600,_5FBE0EB4-B59A-4F56-9CC9-C00AA433006C,battery5,ABC,-0.0,-0.0,-0.0,20.000000000000004
1672611600,_DC88677C-83A6-4B9A-A05F-578B8D5850EB,battery2,ABC,0.0,0.0,0.0,19.99999999999998
1672611600,_76CBB3CE-2D4C-4392-A1CD-AAEBC2AB5FA5,battery3,ABC,0.0,0.0,0.0,19.999999999999993
1672611600,_B42011D9-38A0-4D06-8C84-49836267E66B,battery4,ABC,-0.0,-0.0,-0.0,20.00000000000001
1672611600,_50310945-A608-4A94-98A9-B6E45510F0BF,battery1,ABC,0.0,0.0,0.0,19.999999999999996
1672612200,_5FBE0EB4-B59A-4F56-9CC9-C00AA433006C,battery5,ABC,-0.0,-0.0,-0.0,20.000000000000004
1672612200,_DC88677C-83A6-4B9A-A05F-578B8D5850EB,battery2,ABC,0.0,0.0,0.0,20.000000000000007
1672612200,_76CBB3CE-2D4C-4392-A1CD-AAEBC2AB5FA5,battery3,ABC,0.0,0.0,0.0,19.999999999999993
1672612200,_B42011D9-38A0-4D06-8C84-49836267E66B,battery4,ABC,-0.0,-0.0,-0.0,20.00000000000001
1672612200,_50310945-A608-4A94-98A9-B6E45510F0BF,battery1,ABC,0.0,0.0,0.0,19.999999999999996
1672612800,_5FBE0EB4-B59A-4F56-9CC9-C00AA433006C,battery5,ABC,-0.0,-0.0,-0.0,20.000000000000004
1672612800,_DC88677C-83A6-4B9A-A05F-578B8D5850EB,battery2,ABC,-0.0,-0.0,-0.0,20.000000000000007
1672612800,_76CBB3CE-2D4C-4392-A1CD-AAEBC2AB5FA5,battery3,ABC,0.0,0.0,0.0,19.999999999999993
1672612800,_B42011D9-38A0-4D06-8C84-49836267E66B,battery4,ABC,-0.0,-0.0,-0.0,20.00000000000001
1672612800,_50310945-A608-4A94-98A9-B6E45510F0BF,battery1,ABC,0.0,0.0,0.0,19.999999999999996
1672613400,_5FBE0EB4-B59A-4F56-9CC9-C00AA433006C,battery5,ABC,-0.0,-0.0,-0.0,20.000000000000004
1672613400,_DC88677C-83A6-4B9A-A05F-578B8D5850EB,battery2,ABC,-0.0,-0.0,-0.0,20.000000000000007
1672613400,_76CBB3CE-2D4C-4392-A1CD-AAEBC2AB5FA5,battery3,ABC,0.0,0.0,0.0,19.999999999999993
1672613400,_B42011D9-38A0-4D06-8C84-49836267E66B,battery4,ABC,-0.0,-0.0,-0.0,20.00000000000001
1672613400,_50310945-A608-4A94-98A9-B6E45510F0BF,battery1,ABC,0.0,0.0,0.0,19.999999999999996
1672614000,_5FBE0EB4-B59A-4F56-9CC9-C00AA433006C,battery5,ABC,-0.0,-0.0,-0.0,20.000000000000004
1672614000,_DC88677C-83A6-4B9A-A05F-578B8D5850EB,battery2,ABC,-0.0,-0.0,-0.0,20.000000000000007
1672614000,_76CBB3CE-2D4C-4392-A1CD-AAEBC2AB5FA5,battery3,ABC,0.0,0.0,0.0,19.999999999999993
1672614000,_B42011D9-38A0-4D06-8C84-49836267E66B,battery4,ABC,-0.0,-0.0,-0.0,20.00000000000001
1672614000,_50310945-A608-4A94-98A9-B6E45510F0BF,battery1,ABC,0.0,0.0,0.0,19.999999999999996
1672614600,_5FBE0EB4-B59A-4F56-9CC9-C00AA433006C,battery5,ABC,-0.0,-0.0,-0.0,20.000000000000004
1672614600,_DC88677C-83A6-4B9A-A05F-578B8D5850EB,battery2,ABC,-0.0,-0.0,-0.0,20.000000000000007
1672614600,_76CBB3CE-2D4C-4392-A1CD-AAEBC2AB5FA5,battery3,ABC,0.0,0.0,0.0,19.999999999999993
1672614600,_B42011D9-38A0-4D06-8C84-49836267E66B,battery4,ABC,-0.0,-0.0,-0.0,20.00000000000001
1672614600,_50310945-A608-4A94-98A9-B6E45510F0BF,battery1,ABC,0.0,0.0,0.0,19.999999999999996
1672615200,_5FBE0EB4-B59A-4F56-9CC9-C00AA433006C,battery5,ABC,-0.0,-0.0,-0.0,20.000000000000004
1672615200,_DC88677C-83A6-4B9A-A05F-578B8D5850EB,battery2,ABC,-0.0,-0.0,-0.0,20.000000000000007
1672615200,_76CBB3CE-2D4C-4392-A1CD-AAEBC2AB5FA5,battery3,ABC,0.0,0.0,0.0,19.999999999999993
1672615200,_B42011D9-38A0-4D06-8C84-49836267E66B,battery4,ABC,-0.0,-0.0,-0.0,20.00000000000001
1672615200,_50310945-A608-4A94-98A9-B6E45510F0BF,battery1,ABC,0.0,0.0,0.0,19.999999999999996
1672615800,_5FBE0EB4-B59A-4F56-9CC9-C00AA433006C,battery5,ABC,-0.0,-0.0,-0.0,20.000000000000004
1672615800,_DC88677C-83A6-4B9A-A05F-578B8D5850EB,battery2,ABC,-0.0,-0.0,-0.0,20.000000000000007
1672615800,_76CBB3CE-2D4C-4392-A1CD-AAEBC2AB5FA5,battery3,ABC,0.0,0.0,0.0,19.999999999999993
1672615800,_B42011D9-38A0-4D06-8C84-49836267E66B,battery4,ABC,-0.0,-0.0,-0.0,20.00000000000001
1672615800,_50310945-A608-4A94-98A9-B6E45510F0BF,battery1,ABC,0.0,0.0,0.0,19.999999999999996
1672616400,_5FBE0EB4-B59A-4F56-9CC9-C00AA433006C,battery5,ABC,-0.0,-0.0,-0.0,20.000000000000004
1672616400,_DC88677C-83A6-4B9A-A05F-578B8D5850EB,battery2,ABC,-0.0,-0.0,-0.0,20.000000000000007
1672616400,_76CBB3CE-2D4C-4392-A1CD-AAEBC2AB5FA5,battery3,ABC,0.0,0.0,0.0,19.999999999999993
1672616400,_B42011D9-38A0-4D06-8C84-49836267E66B,battery4,ABC,-0.0,-0.0,-0.0,20.00000000000001
1672616400,_50310945-A608-4A94-98A9-B6E45510F0BF,battery1,ABC,0.0,0.0,0.0,19.999999999999996
1672617000,_5FBE0EB4-B59A-4F56-9CC9-C00AA433006C,battery5,ABC,-0.0,-0.0,-0.0,20.000000000000004
1672617000,_DC88677C-83A6-4B9A-A05F-578B8D5850EB,battery2,ABC,-0.0,-0.0,-0.0,20.000000000000007
1672617000,_76CBB3CE-2D4C-4392-A1CD-AAEBC2AB5FA5,battery3,ABC,0.0,0.0,0.0,19.999999999999993
1672617000,_B42011D9-38A0-4D06-8C84-49836267E66B,battery4,ABC,-0.0,-0.0,-0.0,20.00000000000001
1672617000,_50310945-A608-4A94-98A9-B6E45510F0BF,battery1,ABC,0.0,0.0,0.0,19.999999999999996
